[0.020s] Invoking command in '/home/shreevanth-m/acare_demo_ws/src/acaresim_final/acaresim/build/acare_msgs': CMAKE_PREFIX_PATH=/home/shreevanth-m/acare_demo_ws/install/urdf_assembly_6dof_moveit_config:/home/shreevanth-m/acare_demo_ws/install/acare_msgs:/home/shreevanth-m/camera_ws/install/articubot_one:/home/shreevanth-m/acare_demo_ws/install/urdf_assembly_6dof_description:/home/shreevanth-m/camera_ws/install/camera_robot_description:/home/shreevanth-m/ros2_ws/install/urdf_assembly_6dof_description:/home/shreevanth-m/ros2_ws/install/holo_description:/home/shreevanth-m/ros2_ws/install/acare_pick_place:/opt/ros/jazzy:/home/shreevanth-m/ros2_ws/install/urdf_assembly_6dof_moveit_config:/home/shreevanth-m/ros2_ws/install/ros2_grasping:/home/shreevanth-m/ros2_ws/install/irb120_ros2_moveit2:/home/shreevanth-m/ros2_ws/install/irb120_ros2_gazebo:/home/shreevanth-m/ros2_ws/install/acare_msgs:/home/shreevanth-m/ros2_ws/install/acare_moveit_config:/opt/ros/jazzy/opt/gz_sim_vendor:/opt/ros/jazzy/opt/gz_sensors_vendor:/opt/ros/jazzy/opt/gz_physics_vendor:/opt/ros/jazzy/opt/sdformat_vendor:/opt/ros/jazzy/opt/gz_gui_vendor:/opt/ros/jazzy/opt/gz_transport_vendor:/opt/ros/jazzy/opt/gz_rendering_vendor:/opt/ros/jazzy/opt/gz_plugin_vendor:/opt/ros/jazzy/opt/gz_fuel_tools_vendor:/opt/ros/jazzy/opt/gz_msgs_vendor:/opt/ros/jazzy/opt/gz_common_vendor:/opt/ros/jazzy/opt/gz_math_vendor:/opt/ros/jazzy/opt/gz_utils_vendor:/opt/ros/jazzy/opt/gz_tools_vendor:/opt/ros/jazzy/opt/gz_ogre_next_vendor:/opt/ros/jazzy/opt/gz_dartsim_vendor:/opt/ros/jazzy/opt/gz_cmake_vendor DEBUGINFOD_URLS=https://debuginfod.ubuntu.com /usr/bin/cmake /home/shreevanth-m/acare_demo_ws/src/acaresim_final/acaresim/src/acare_msgs -DAMENT_CMAKE_SYMLINK_INSTALL=1 -DCMAKE_INSTALL_PREFIX=/home/shreevanth-m/acare_demo_ws/src/acaresim_final/acaresim/install/acare_msgs
[0.113s] -- The C compiler identification is GNU 13.3.0
[0.184s] -- The CXX compiler identification is GNU 13.3.0
[0.207s] -- Detecting C compiler ABI info
[0.337s] -- Detecting C compiler ABI info - done
[0.362s] -- Check for working C compiler: /usr/bin/cc - skipped
[0.362s] -- Detecting C compile features
[0.362s] -- Detecting C compile features - done
[0.366s] -- Detecting CXX compiler ABI info
[0.502s] -- Detecting CXX compiler ABI info - done
[0.520s] -- Check for working CXX compiler: /usr/bin/c++ - skipped
[0.520s] -- Detecting CXX compile features
[0.521s] -- Detecting CXX compile features - done
[0.525s] -- Found ament_cmake: 2.5.6 (/opt/ros/jazzy/share/ament_cmake/cmake)
[0.744s] -- Found Python3: /usr/bin/python3 (found version "3.12.3") found components: Interpreter 
[0.847s] -- Override CMake install command with custom implementation using symlinks instead of copying resources
[0.893s] -- Found rosidl_default_generators: 1.6.0 (/opt/ros/jazzy/share/rosidl_default_generators/cmake)
[0.902s] -- Using all available rosidl_typesupport_c: rosidl_typesupport_fastrtps_c;rosidl_typesupport_introspection_c
[0.979s] -- Using all available rosidl_typesupport_cpp: rosidl_typesupport_fastrtps_cpp;rosidl_typesupport_introspection_cpp
[1.040s] -- Found rosidl_adapter: 4.6.7 (/opt/ros/jazzy/share/rosidl_adapter/cmake)
[1.927s] -- Found ament_cmake_ros: 0.12.0 (/opt/ros/jazzy/share/ament_cmake_ros/cmake)
[2.554s] -- Using all available rosidl_typesupport_c: rosidl_typesupport_fastrtps_c;rosidl_typesupport_introspection_c
[3.387s] -- Using all available rosidl_typesupport_cpp: rosidl_typesupport_fastrtps_cpp;rosidl_typesupport_introspection_cpp
[3.391s] -- Found python_cmake_module: 0.11.1 (/opt/ros/jazzy/share/python_cmake_module/cmake)
[3.594s] -- Found PythonExtra: /usr/bin/python3  
[4.272s] -- Found Python3: /usr/bin/python3 (found version "3.12.3") found components: Interpreter Development NumPy Development.Module Development.Embed 
[4.364s] -- Found Python3: /usr/bin/python3 (found version "3.12.3") found components: Interpreter 
[4.379s] -- Configuring done (4.3s)
[4.452s] -- Generating done (0.1s)
[4.467s] -- Build files have been written to: /home/shreevanth-m/acare_demo_ws/src/acaresim_final/acaresim/build/acare_msgs
[4.479s] Invoked command in '/home/shreevanth-m/acare_demo_ws/src/acaresim_final/acaresim/build/acare_msgs' returned '0': CMAKE_PREFIX_PATH=/home/shreevanth-m/acare_demo_ws/install/urdf_assembly_6dof_moveit_config:/home/shreevanth-m/acare_demo_ws/install/acare_msgs:/home/shreevanth-m/camera_ws/install/articubot_one:/home/shreevanth-m/acare_demo_ws/install/urdf_assembly_6dof_description:/home/shreevanth-m/camera_ws/install/camera_robot_description:/home/shreevanth-m/ros2_ws/install/urdf_assembly_6dof_description:/home/shreevanth-m/ros2_ws/install/holo_description:/home/shreevanth-m/ros2_ws/install/acare_pick_place:/opt/ros/jazzy:/home/shreevanth-m/ros2_ws/install/urdf_assembly_6dof_moveit_config:/home/shreevanth-m/ros2_ws/install/ros2_grasping:/home/shreevanth-m/ros2_ws/install/irb120_ros2_moveit2:/home/shreevanth-m/ros2_ws/install/irb120_ros2_gazebo:/home/shreevanth-m/ros2_ws/install/acare_msgs:/home/shreevanth-m/ros2_ws/install/acare_moveit_config:/opt/ros/jazzy/opt/gz_sim_vendor:/opt/ros/jazzy/opt/gz_sensors_vendor:/opt/ros/jazzy/opt/gz_physics_vendor:/opt/ros/jazzy/opt/sdformat_vendor:/opt/ros/jazzy/opt/gz_gui_vendor:/opt/ros/jazzy/opt/gz_transport_vendor:/opt/ros/jazzy/opt/gz_rendering_vendor:/opt/ros/jazzy/opt/gz_plugin_vendor:/opt/ros/jazzy/opt/gz_fuel_tools_vendor:/opt/ros/jazzy/opt/gz_msgs_vendor:/opt/ros/jazzy/opt/gz_common_vendor:/opt/ros/jazzy/opt/gz_math_vendor:/opt/ros/jazzy/opt/gz_utils_vendor:/opt/ros/jazzy/opt/gz_tools_vendor:/opt/ros/jazzy/opt/gz_ogre_next_vendor:/opt/ros/jazzy/opt/gz_dartsim_vendor:/opt/ros/jazzy/opt/gz_cmake_vendor DEBUGINFOD_URLS=https://debuginfod.ubuntu.com /usr/bin/cmake /home/shreevanth-m/acare_demo_ws/src/acaresim_final/acaresim/src/acare_msgs -DAMENT_CMAKE_SYMLINK_INSTALL=1 -DCMAKE_INSTALL_PREFIX=/home/shreevanth-m/acare_demo_ws/src/acaresim_final/acaresim/install/acare_msgs
[4.481s] Invoking command in '/home/shreevanth-m/acare_demo_ws/src/acaresim_final/acaresim/build/acare_msgs': CMAKE_PREFIX_PATH=/home/shreevanth-m/acare_demo_ws/install/urdf_assembly_6dof_moveit_config:/home/shreevanth-m/acare_demo_ws/install/acare_msgs:/home/shreevanth-m/camera_ws/install/articubot_one:/home/shreevanth-m/acare_demo_ws/install/urdf_assembly_6dof_description:/home/shreevanth-m/camera_ws/install/camera_robot_description:/home/shreevanth-m/ros2_ws/install/urdf_assembly_6dof_description:/home/shreevanth-m/ros2_ws/install/holo_description:/home/shreevanth-m/ros2_ws/install/acare_pick_place:/opt/ros/jazzy:/home/shreevanth-m/ros2_ws/install/urdf_assembly_6dof_moveit_config:/home/shreevanth-m/ros2_ws/install/ros2_grasping:/home/shreevanth-m/ros2_ws/install/irb120_ros2_moveit2:/home/shreevanth-m/ros2_ws/install/irb120_ros2_gazebo:/home/shreevanth-m/ros2_ws/install/acare_msgs:/home/shreevanth-m/ros2_ws/install/acare_moveit_config:/opt/ros/jazzy/opt/gz_sim_vendor:/opt/ros/jazzy/opt/gz_sensors_vendor:/opt/ros/jazzy/opt/gz_physics_vendor:/opt/ros/jazzy/opt/sdformat_vendor:/opt/ros/jazzy/opt/gz_gui_vendor:/opt/ros/jazzy/opt/gz_transport_vendor:/opt/ros/jazzy/opt/gz_rendering_vendor:/opt/ros/jazzy/opt/gz_plugin_vendor:/opt/ros/jazzy/opt/gz_fuel_tools_vendor:/opt/ros/jazzy/opt/gz_msgs_vendor:/opt/ros/jazzy/opt/gz_common_vendor:/opt/ros/jazzy/opt/gz_math_vendor:/opt/ros/jazzy/opt/gz_utils_vendor:/opt/ros/jazzy/opt/gz_tools_vendor:/opt/ros/jazzy/opt/gz_ogre_next_vendor:/opt/ros/jazzy/opt/gz_dartsim_vendor:/opt/ros/jazzy/opt/gz_cmake_vendor DEBUGINFOD_URLS=https://debuginfod.ubuntu.com /usr/bin/cmake --build /home/shreevanth-m/acare_demo_ws/src/acaresim_final/acaresim/build/acare_msgs -- -j16 -l16
[4.573s] [  0%] [34m[1mGenerating type hashes for ROS interfaces[0m
[4.574s] [  0%] [34m[1mGenerating Rust code for ROS interfaces[0m
[4.587s] [  0%] Built target ament_cmake_python_symlink_acare_msgs
[4.918s] running egg_info
[4.919s] creating acare_msgs.egg-info
[4.952s] writing acare_msgs.egg-info/PKG-INFO
[4.952s] writing dependency_links to acare_msgs.egg-info/dependency_links.txt
[4.952s] writing top-level names to acare_msgs.egg-info/top_level.txt
[4.952s] writing manifest file 'acare_msgs.egg-info/SOURCES.txt'
[5.002s] [  0%] Built target acare_msgs__rosidl_generator_type_description
[5.019s] [  0%] [34m[1mGenerating C code for ROS interfaces[0m
[5.029s] [  0%] [34m[1mGenerating C++ code for ROS interfaces[0m
[5.057s] reading manifest file 'acare_msgs.egg-info/SOURCES.txt'
[5.058s] writing manifest file 'acare_msgs.egg-info/SOURCES.txt'
[5.071s] [  0%] Built target acare_msgs__rs
[5.093s] [  0%] Built target ament_cmake_python_build_acare_msgs_egg
[5.941s] [  0%] Built target acare_msgs__cpp
[6.233s] [  0%] [32mBuilding C object CMakeFiles/acare_msgs__rosidl_generator_c.dir/rosidl_generator_c/acare_msgs/msg/detail/robot_state__functions.c.o[0m
[6.233s] [  1%] [32mBuilding C object CMakeFiles/acare_msgs__rosidl_generator_c.dir/rosidl_generator_c/acare_msgs/msg/detail/state_transition__description.c.o[0m
[6.235s] [  2%] [32mBuilding C object CMakeFiles/acare_msgs__rosidl_generator_c.dir/rosidl_generator_c/acare_msgs/msg/detail/state_transition__functions.c.o[0m
[6.235s] [  2%] [32mBuilding C object CMakeFiles/acare_msgs__rosidl_generator_c.dir/rosidl_generator_c/acare_msgs/msg/detail/robot_state__type_support.c.o[0m
[6.236s] [  3%] [32mBuilding C object CMakeFiles/acare_msgs__rosidl_generator_c.dir/rosidl_generator_c/acare_msgs/msg/detail/validated_intent__functions.c.o[0m
[6.237s] [  4%] [32mBuilding C object CMakeFiles/acare_msgs__rosidl_generator_c.dir/rosidl_generator_c/acare_msgs/msg/detail/state_transition__type_support.c.o[0m
[6.237s] [  5%] [32mBuilding C object CMakeFiles/acare_msgs__rosidl_generator_c.dir/rosidl_generator_c/acare_msgs/msg/detail/intent__functions.c.o[0m
[6.237s] [  6%] [32mBuilding C object CMakeFiles/acare_msgs__rosidl_generator_c.dir/rosidl_generator_c/acare_msgs/msg/detail/safety_alert__description.c.o[0m
[6.237s] [  7%] [32mBuilding C object CMakeFiles/acare_msgs__rosidl_generator_c.dir/rosidl_generator_c/acare_msgs/msg/detail/validated_intent__description.c.o[0m
[6.237s] [  8%] [32mBuilding C object CMakeFiles/acare_msgs__rosidl_generator_c.dir/rosidl_generator_c/acare_msgs/msg/detail/robot_state__description.c.o[0m
[6.238s] [  8%] [32mBuilding C object CMakeFiles/acare_msgs__rosidl_generator_c.dir/rosidl_generator_c/acare_msgs/msg/detail/validated_intent__type_support.c.o[0m
[6.240s] [  9%] [32mBuilding C object CMakeFiles/acare_msgs__rosidl_generator_c.dir/rosidl_generator_c/acare_msgs/msg/detail/safety_alert__type_support.c.o[0m
[6.242s] [  9%] [32mBuilding C object CMakeFiles/acare_msgs__rosidl_generator_c.dir/rosidl_generator_c/acare_msgs/msg/detail/intent__description.c.o[0m
[6.243s] [  9%] [32mBuilding C object CMakeFiles/acare_msgs__rosidl_generator_c.dir/rosidl_generator_c/acare_msgs/msg/detail/hand_status__description.c.o[0m
[6.244s] [  9%] [32mBuilding C object CMakeFiles/acare_msgs__rosidl_generator_c.dir/rosidl_generator_c/acare_msgs/msg/detail/intent__type_support.c.o[0m
[6.244s] [  9%] [32mBuilding C object CMakeFiles/acare_msgs__rosidl_generator_c.dir/rosidl_generator_c/acare_msgs/msg/detail/safety_alert__functions.c.o[0m
[6.289s] [ 10%] [32mBuilding C object CMakeFiles/acare_msgs__rosidl_generator_c.dir/rosidl_generator_c/acare_msgs/msg/detail/hand_status__functions.c.o[0m
[6.289s] [ 11%] [32mBuilding C object CMakeFiles/acare_msgs__rosidl_generator_c.dir/rosidl_generator_c/acare_msgs/msg/detail/hand_status__type_support.c.o[0m
[6.290s] [ 11%] [32mBuilding C object CMakeFiles/acare_msgs__rosidl_generator_c.dir/rosidl_generator_c/acare_msgs/msg/detail/auth_result__description.c.o[0m
[6.290s] [ 12%] [32mBuilding C object CMakeFiles/acare_msgs__rosidl_generator_c.dir/rosidl_generator_c/acare_msgs/msg/detail/auth_result__functions.c.o[0m
[6.291s] [ 12%] [32mBuilding C object CMakeFiles/acare_msgs__rosidl_generator_c.dir/rosidl_generator_c/acare_msgs/msg/detail/auth_result__type_support.c.o[0m
[6.297s] [ 13%] [32mBuilding C object CMakeFiles/acare_msgs__rosidl_generator_c.dir/rosidl_generator_c/acare_msgs/msg/detail/vision_result__description.c.o[0m
[6.298s] [ 13%] [32mBuilding C object CMakeFiles/acare_msgs__rosidl_generator_c.dir/rosidl_generator_c/acare_msgs/msg/detail/vision_result__functions.c.o[0m
[6.299s] [ 15%] [32mBuilding C object CMakeFiles/acare_msgs__rosidl_generator_c.dir/rosidl_generator_c/acare_msgs/msg/detail/vision_search_request__description.c.o[0m
[6.299s] [ 15%] [32mBuilding C object CMakeFiles/acare_msgs__rosidl_generator_c.dir/rosidl_generator_c/acare_msgs/msg/detail/vision_result__type_support.c.o[0m
[6.305s] [ 15%] [32mBuilding C object CMakeFiles/acare_msgs__rosidl_generator_c.dir/rosidl_generator_c/acare_msgs/msg/detail/vision_search_request__functions.c.o[0m
[6.307s] [ 16%] [32mBuilding C object CMakeFiles/acare_msgs__rosidl_generator_c.dir/rosidl_generator_c/acare_msgs/msg/detail/vision_search_request__type_support.c.o[0m
[6.316s] [ 16%] [32mBuilding C object CMakeFiles/acare_msgs__rosidl_generator_c.dir/rosidl_generator_c/acare_msgs/msg/detail/arm_command__description.c.o[0m
[6.317s] [ 17%] [32mBuilding C object CMakeFiles/acare_msgs__rosidl_generator_c.dir/rosidl_generator_c/acare_msgs/msg/detail/arm_command__functions.c.o[0m
[6.321s] [ 17%] [32mBuilding C object CMakeFiles/acare_msgs__rosidl_generator_c.dir/rosidl_generator_c/acare_msgs/msg/detail/arm_command__type_support.c.o[0m
[6.334s] [ 18%] [32mBuilding C object CMakeFiles/acare_msgs__rosidl_generator_c.dir/rosidl_generator_c/acare_msgs/msg/detail/gripper_command__description.c.o[0m
[6.343s] [ 18%] [32mBuilding C object CMakeFiles/acare_msgs__rosidl_generator_c.dir/rosidl_generator_c/acare_msgs/msg/detail/gripper_command__type_support.c.o[0m
[6.343s] [ 19%] [32mBuilding C object CMakeFiles/acare_msgs__rosidl_generator_c.dir/rosidl_generator_c/acare_msgs/msg/detail/gripper_command__functions.c.o[0m
[6.343s] [ 20%] [32mBuilding C object CMakeFiles/acare_msgs__rosidl_generator_c.dir/rosidl_generator_c/acare_msgs/msg/detail/motion_feedback__description.c.o[0m
[6.352s] [ 20%] [32mBuilding C object CMakeFiles/acare_msgs__rosidl_generator_c.dir/rosidl_generator_c/acare_msgs/msg/detail/motion_feedback__functions.c.o[0m
[6.360s] [ 21%] [32mBuilding C object CMakeFiles/acare_msgs__rosidl_generator_c.dir/rosidl_generator_c/acare_msgs/msg/detail/motion_feedback__type_support.c.o[0m
[6.361s] [ 22%] [32mBuilding C object CMakeFiles/acare_msgs__rosidl_generator_c.dir/rosidl_generator_c/acare_msgs/msg/detail/log_event__description.c.o[0m
[6.361s] [ 22%] [32mBuilding C object CMakeFiles/acare_msgs__rosidl_generator_c.dir/rosidl_generator_c/acare_msgs/msg/detail/log_event__functions.c.o[0m
[6.368s] [ 23%] [32mBuilding C object CMakeFiles/acare_msgs__rosidl_generator_c.dir/rosidl_generator_c/acare_msgs/msg/detail/log_event__type_support.c.o[0m
[6.372s] [ 23%] [32mBuilding C object CMakeFiles/acare_msgs__rosidl_generator_c.dir/rosidl_generator_c/acare_msgs/msg/detail/emergency_signal__description.c.o[0m
[6.378s] [ 24%] [32mBuilding C object CMakeFiles/acare_msgs__rosidl_generator_c.dir/rosidl_generator_c/acare_msgs/msg/detail/emergency_signal__functions.c.o[0m
[6.378s] [ 24%] [32mBuilding C object CMakeFiles/acare_msgs__rosidl_generator_c.dir/rosidl_generator_c/acare_msgs/msg/detail/emergency_signal__type_support.c.o[0m
[6.382s] [ 25%] [32mBuilding C object CMakeFiles/acare_msgs__rosidl_generator_c.dir/rosidl_generator_c/acare_msgs/srv/detail/enrol_staff__functions.c.o[0m
[6.382s] [ 25%] [32mBuilding C object CMakeFiles/acare_msgs__rosidl_generator_c.dir/rosidl_generator_c/acare_msgs/srv/detail/enrol_staff__description.c.o[0m
[6.386s] [ 26%] [32mBuilding C object CMakeFiles/acare_msgs__rosidl_generator_c.dir/rosidl_generator_c/acare_msgs/srv/detail/enrol_staff__type_support.c.o[0m
[6.485s] [ 27%] [32m[1mLinking C shared library libacare_msgs__rosidl_generator_c.so[0m
[6.555s] [ 27%] Built target acare_msgs__rosidl_generator_c
[6.574s] [ 27%] [34m[1mGenerating C++ introspection for ROS interfaces[0m
[6.575s] [ 28%] [34m[1mGenerating C++ type support for eProsima Fast-RTPS[0m
[6.575s] [ 29%] [34m[1mGenerating C++ type support dispatch for ROS interfaces[0m
[6.578s] [ 30%] [34m[1mGenerating C introspection for ROS interfaces[0m
[6.579s] [ 30%] [34m[1mGenerating C type support for eProsima Fast-RTPS[0m
[6.579s] [ 31%] [34m[1mGenerating C type support dispatch for ROS interfaces[0m
[7.177s] [ 32%] [32mBuilding CXX object CMakeFiles/acare_msgs__rosidl_typesupport_c.dir/rosidl_typesupport_c/acare_msgs/msg/robot_state__type_support.cpp.o[0m
[7.177s] [ 32%] [32mBuilding CXX object CMakeFiles/acare_msgs__rosidl_typesupport_c.dir/rosidl_typesupport_c/acare_msgs/msg/hand_status__type_support.cpp.o[0m
[7.177s] [ 32%] [32mBuilding CXX object CMakeFiles/acare_msgs__rosidl_typesupport_c.dir/rosidl_typesupport_c/acare_msgs/msg/intent__type_support.cpp.o[0m
[7.178s] [ 32%] [32mBuilding CXX object CMakeFiles/acare_msgs__rosidl_typesupport_c.dir/rosidl_typesupport_c/acare_msgs/msg/validated_intent__type_support.cpp.o[0m
[7.178s] [ 34%] [32mBuilding CXX object CMakeFiles/acare_msgs__rosidl_typesupport_c.dir/rosidl_typesupport_c/acare_msgs/msg/state_transition__type_support.cpp.o[0m
[7.178s] [ 35%] [32mBuilding CXX object CMakeFiles/acare_msgs__rosidl_typesupport_c.dir/rosidl_typesupport_c/acare_msgs/msg/auth_result__type_support.cpp.o[0m
[7.179s] [ 35%] [32mBuilding CXX object CMakeFiles/acare_msgs__rosidl_typesupport_c.dir/rosidl_typesupport_c/acare_msgs/msg/arm_command__type_support.cpp.o[0m
[7.179s] [ 36%] [32mBuilding CXX object CMakeFiles/acare_msgs__rosidl_typesupport_c.dir/rosidl_typesupport_c/acare_msgs/msg/vision_result__type_support.cpp.o[0m
[7.179s] [ 36%] [32mBuilding CXX object CMakeFiles/acare_msgs__rosidl_typesupport_c.dir/rosidl_typesupport_c/acare_msgs/msg/vision_search_request__type_support.cpp.o[0m
[7.179s] [ 37%] [32mBuilding CXX object CMakeFiles/acare_msgs__rosidl_typesupport_c.dir/rosidl_typesupport_c/acare_msgs/msg/safety_alert__type_support.cpp.o[0m
[7.184s] [ 37%] [32mBuilding CXX object CMakeFiles/acare_msgs__rosidl_typesupport_c.dir/rosidl_typesupport_c/acare_msgs/msg/gripper_command__type_support.cpp.o[0m
[7.196s] [ 37%] [32mBuilding CXX object CMakeFiles/acare_msgs__rosidl_typesupport_cpp.dir/rosidl_typesupport_cpp/acare_msgs/msg/robot_state__type_support.cpp.o[0m
[7.247s] [ 38%] [32mBuilding CXX object CMakeFiles/acare_msgs__rosidl_typesupport_cpp.dir/rosidl_typesupport_cpp/acare_msgs/msg/state_transition__type_support.cpp.o[0m
[7.251s] [ 38%] [32mBuilding CXX object CMakeFiles/acare_msgs__rosidl_typesupport_c.dir/rosidl_typesupport_c/acare_msgs/srv/enrol_staff__type_support.cpp.o[0m
[7.254s] [ 39%] [32mBuilding CXX object CMakeFiles/acare_msgs__rosidl_typesupport_c.dir/rosidl_typesupport_c/acare_msgs/msg/motion_feedback__type_support.cpp.o[0m
[7.255s] [ 39%] [32mBuilding CXX object CMakeFiles/acare_msgs__rosidl_typesupport_c.dir/rosidl_typesupport_c/acare_msgs/msg/log_event__type_support.cpp.o[0m
[7.255s] [ 40%] [32mBuilding CXX object CMakeFiles/acare_msgs__rosidl_typesupport_c.dir/rosidl_typesupport_c/acare_msgs/msg/emergency_signal__type_support.cpp.o[0m
[7.258s] [ 41%] [32mBuilding CXX object CMakeFiles/acare_msgs__rosidl_typesupport_cpp.dir/rosidl_typesupport_cpp/acare_msgs/msg/validated_intent__type_support.cpp.o[0m
[7.261s] [ 42%] [32mBuilding CXX object CMakeFiles/acare_msgs__rosidl_typesupport_cpp.dir/rosidl_typesupport_cpp/acare_msgs/msg/hand_status__type_support.cpp.o[0m
[7.263s] [ 42%] [32mBuilding CXX object CMakeFiles/acare_msgs__rosidl_typesupport_cpp.dir/rosidl_typesupport_cpp/acare_msgs/msg/intent__type_support.cpp.o[0m
[7.267s] [ 42%] [32mBuilding CXX object CMakeFiles/acare_msgs__rosidl_typesupport_cpp.dir/rosidl_typesupport_cpp/acare_msgs/msg/safety_alert__type_support.cpp.o[0m
[7.289s] [ 43%] [32mBuilding CXX object CMakeFiles/acare_msgs__rosidl_typesupport_cpp.dir/rosidl_typesupport_cpp/acare_msgs/msg/auth_result__type_support.cpp.o[0m
[7.293s] [ 43%] [32mBuilding CXX object CMakeFiles/acare_msgs__rosidl_typesupport_cpp.dir/rosidl_typesupport_cpp/acare_msgs/msg/vision_result__type_support.cpp.o[0m
[7.323s] [ 44%] [32mBuilding CXX object CMakeFiles/acare_msgs__rosidl_typesupport_cpp.dir/rosidl_typesupport_cpp/acare_msgs/msg/vision_search_request__type_support.cpp.o[0m
[7.327s] [ 44%] [32mBuilding CXX object CMakeFiles/acare_msgs__rosidl_typesupport_cpp.dir/rosidl_typesupport_cpp/acare_msgs/msg/arm_command__type_support.cpp.o[0m
[7.328s] [ 45%] [32mBuilding CXX object CMakeFiles/acare_msgs__rosidl_typesupport_cpp.dir/rosidl_typesupport_cpp/acare_msgs/msg/gripper_command__type_support.cpp.o[0m
[7.331s] [ 46%] [32m[1mLinking CXX shared library libacare_msgs__rosidl_typesupport_c.so[0m
[7.416s] [ 46%] Built target acare_msgs__rosidl_typesupport_c
[7.435s] [ 46%] [32mBuilding CXX object CMakeFiles/acare_msgs__rosidl_typesupport_cpp.dir/rosidl_typesupport_cpp/acare_msgs/msg/motion_feedback__type_support.cpp.o[0m
[7.805s] [ 47%] [32mBuilding CXX object CMakeFiles/acare_msgs__rosidl_typesupport_cpp.dir/rosidl_typesupport_cpp/acare_msgs/msg/log_event__type_support.cpp.o[0m
[7.831s] [ 48%] [32mBuilding CXX object CMakeFiles/acare_msgs__rosidl_typesupport_cpp.dir/rosidl_typesupport_cpp/acare_msgs/msg/emergency_signal__type_support.cpp.o[0m
[7.833s] [ 48%] [32mBuilding CXX object CMakeFiles/acare_msgs__rosidl_typesupport_cpp.dir/rosidl_typesupport_cpp/acare_msgs/srv/enrol_staff__type_support.cpp.o[0m
[7.919s] [ 49%] [32mBuilding CXX object CMakeFiles/acare_msgs__rosidl_typesupport_introspection_cpp.dir/rosidl_typesupport_introspection_cpp/acare_msgs/msg/detail/robot_state__type_support.cpp.o[0m
[7.922s] [ 50%] [32mBuilding CXX object CMakeFiles/acare_msgs__rosidl_typesupport_introspection_cpp.dir/rosidl_typesupport_introspection_cpp/acare_msgs/msg/detail/state_transition__type_support.cpp.o[0m
[7.930s] [ 51%] [32mBuilding CXX object CMakeFiles/acare_msgs__rosidl_typesupport_introspection_cpp.dir/rosidl_typesupport_introspection_cpp/acare_msgs/msg/detail/validated_intent__type_support.cpp.o[0m
[7.930s] [ 51%] [32mBuilding CXX object CMakeFiles/acare_msgs__rosidl_typesupport_introspection_cpp.dir/rosidl_typesupport_introspection_cpp/acare_msgs/msg/detail/intent__type_support.cpp.o[0m
[7.941s] [ 51%] [32mBuilding CXX object CMakeFiles/acare_msgs__rosidl_typesupport_introspection_cpp.dir/rosidl_typesupport_introspection_cpp/acare_msgs/msg/detail/safety_alert__type_support.cpp.o[0m
[7.966s] [ 52%] [32mBuilding CXX object CMakeFiles/acare_msgs__rosidl_typesupport_introspection_cpp.dir/rosidl_typesupport_introspection_cpp/acare_msgs/msg/detail/hand_status__type_support.cpp.o[0m
[7.966s] [ 52%] [32mBuilding CXX object CMakeFiles/acare_msgs__rosidl_typesupport_introspection_cpp.dir/rosidl_typesupport_introspection_cpp/acare_msgs/msg/detail/auth_result__type_support.cpp.o[0m
[7.985s] [ 53%] [32mBuilding CXX object CMakeFiles/acare_msgs__rosidl_typesupport_introspection_cpp.dir/rosidl_typesupport_introspection_cpp/acare_msgs/msg/detail/vision_result__type_support.cpp.o[0m
[7.989s] [ 53%] [32mBuilding C object CMakeFiles/acare_msgs__rosidl_typesupport_introspection_c.dir/rosidl_typesupport_introspection_c/acare_msgs/msg/detail/robot_state__type_support.c.o[0m
[8.018s] [ 54%] [32mBuilding CXX object CMakeFiles/acare_msgs__rosidl_typesupport_introspection_cpp.dir/rosidl_typesupport_introspection_cpp/acare_msgs/msg/detail/vision_search_request__type_support.cpp.o[0m
[8.024s] [ 54%] [32mBuilding CXX object CMakeFiles/acare_msgs__rosidl_typesupport_introspection_cpp.dir/rosidl_typesupport_introspection_cpp/acare_msgs/msg/detail/arm_command__type_support.cpp.o[0m
[8.049s] [ 55%] [32mBuilding C object CMakeFiles/acare_msgs__rosidl_typesupport_introspection_c.dir/rosidl_typesupport_introspection_c/acare_msgs/msg/detail/state_transition__type_support.c.o[0m
[8.111s] [ 55%] [32mBuilding C object CMakeFiles/acare_msgs__rosidl_typesupport_introspection_c.dir/rosidl_typesupport_introspection_c/acare_msgs/msg/detail/intent__type_support.c.o[0m
[8.179s] [ 56%] [32mBuilding C object CMakeFiles/acare_msgs__rosidl_typesupport_introspection_c.dir/rosidl_typesupport_introspection_c/acare_msgs/msg/detail/validated_intent__type_support.c.o[0m
[8.256s] [ 57%] [32mBuilding CXX object CMakeFiles/acare_msgs__rosidl_typesupport_fastrtps_cpp.dir/rosidl_typesupport_fastrtps_cpp/acare_msgs/msg/detail/dds_fastrtps/robot_state__type_support.cpp.o[0m
[8.263s] [ 58%] [32mBuilding C object CMakeFiles/acare_msgs__rosidl_typesupport_introspection_c.dir/rosidl_typesupport_introspection_c/acare_msgs/msg/detail/safety_alert__type_support.c.o[0m
[8.345s] [ 59%] [32mBuilding C object CMakeFiles/acare_msgs__rosidl_typesupport_introspection_c.dir/rosidl_typesupport_introspection_c/acare_msgs/msg/detail/auth_result__type_support.c.o[0m
[8.347s] [ 59%] [32mBuilding C object CMakeFiles/acare_msgs__rosidl_typesupport_introspection_c.dir/rosidl_typesupport_introspection_c/acare_msgs/msg/detail/hand_status__type_support.c.o[0m
[8.398s] [ 59%] [32mBuilding CXX object CMakeFiles/acare_msgs__rosidl_typesupport_fastrtps_cpp.dir/rosidl_typesupport_fastrtps_cpp/acare_msgs/msg/detail/dds_fastrtps/state_transition__type_support.cpp.o[0m
[8.410s] [ 60%] [32mBuilding CXX object CMakeFiles/acare_msgs__rosidl_typesupport_introspection_cpp.dir/rosidl_typesupport_introspection_cpp/acare_msgs/msg/detail/gripper_command__type_support.cpp.o[0m
[8.449s] [ 60%] [32mBuilding C object CMakeFiles/acare_msgs__rosidl_typesupport_introspection_c.dir/rosidl_typesupport_introspection_c/acare_msgs/msg/detail/vision_result__type_support.c.o[0m
[8.467s] [ 61%] [32mBuilding CXX object CMakeFiles/acare_msgs__rosidl_typesupport_fastrtps_cpp.dir/rosidl_typesupport_fastrtps_cpp/acare_msgs/msg/detail/dds_fastrtps/intent__type_support.cpp.o[0m
[8.511s] [ 62%] [32mBuilding C object CMakeFiles/acare_msgs__rosidl_typesupport_introspection_c.dir/rosidl_typesupport_introspection_c/acare_msgs/msg/detail/vision_search_request__type_support.c.o[0m
[8.526s] [ 62%] [32mBuilding CXX object CMakeFiles/acare_msgs__rosidl_typesupport_fastrtps_cpp.dir/rosidl_typesupport_fastrtps_cpp/acare_msgs/msg/detail/dds_fastrtps/validated_intent__type_support.cpp.o[0m
[8.534s] [ 63%] [32mBuilding CXX object CMakeFiles/acare_msgs__rosidl_typesupport_introspection_cpp.dir/rosidl_typesupport_introspection_cpp/acare_msgs/msg/detail/log_event__type_support.cpp.o[0m
[8.534s] [ 63%] [32mBuilding CXX object CMakeFiles/acare_msgs__rosidl_typesupport_introspection_cpp.dir/rosidl_typesupport_introspection_cpp/acare_msgs/msg/detail/motion_feedback__type_support.cpp.o[0m
[8.546s] [ 64%] [32mBuilding CXX object CMakeFiles/acare_msgs__rosidl_typesupport_fastrtps_cpp.dir/rosidl_typesupport_fastrtps_cpp/acare_msgs/msg/detail/dds_fastrtps/safety_alert__type_support.cpp.o[0m
[8.550s] [ 64%] [32mBuilding C object CMakeFiles/acare_msgs__rosidl_typesupport_introspection_c.dir/rosidl_typesupport_introspection_c/acare_msgs/msg/detail/arm_command__type_support.c.o[0m
[8.550s] [ 64%] [32mBuilding CXX object CMakeFiles/acare_msgs__rosidl_typesupport_introspection_cpp.dir/rosidl_typesupport_introspection_cpp/acare_msgs/msg/detail/emergency_signal__type_support.cpp.o[0m
[8.589s] [ 65%] [32m[1mLinking CXX shared library libacare_msgs__rosidl_typesupport_cpp.so[0m
[8.619s] [ 66%] [32mBuilding C object CMakeFiles/acare_msgs__rosidl_typesupport_introspection_c.dir/rosidl_typesupport_introspection_c/acare_msgs/msg/detail/gripper_command__type_support.c.o[0m
[8.625s] [ 67%] [32mBuilding CXX object CMakeFiles/acare_msgs__rosidl_typesupport_introspection_cpp.dir/rosidl_typesupport_introspection_cpp/acare_msgs/srv/detail/enrol_staff__type_support.cpp.o[0m
[8.631s] [ 68%] [32mBuilding C object CMakeFiles/acare_msgs__rosidl_typesupport_introspection_c.dir/rosidl_typesupport_introspection_c/acare_msgs/msg/detail/motion_feedback__type_support.c.o[0m
[8.659s] [ 68%] [32mBuilding CXX object CMakeFiles/acare_msgs__rosidl_typesupport_fastrtps_cpp.dir/rosidl_typesupport_fastrtps_cpp/acare_msgs/msg/detail/dds_fastrtps/hand_status__type_support.cpp.o[0m
[8.721s] [ 68%] [32mBuilding C object CMakeFiles/acare_msgs__rosidl_typesupport_introspection_c.dir/rosidl_typesupport_introspection_c/acare_msgs/msg/detail/log_event__type_support.c.o[0m
[8.730s] [ 69%] [32mBuilding CXX object CMakeFiles/acare_msgs__rosidl_typesupport_fastrtps_cpp.dir/rosidl_typesupport_fastrtps_cpp/acare_msgs/msg/detail/dds_fastrtps/auth_result__type_support.cpp.o[0m
[8.734s] [ 70%] [32mBuilding CXX object CMakeFiles/acare_msgs__rosidl_typesupport_fastrtps_cpp.dir/rosidl_typesupport_fastrtps_cpp/acare_msgs/msg/detail/dds_fastrtps/vision_result__type_support.cpp.o[0m
[8.769s] [ 71%] [32mBuilding CXX object CMakeFiles/acare_msgs__rosidl_typesupport_fastrtps_c.dir/rosidl_typesupport_fastrtps_c/acare_msgs/msg/detail/robot_state__type_support_c.cpp.o[0m
[8.784s] [ 71%] Built target acare_msgs__rosidl_typesupport_cpp
[8.803s] [ 72%] [32mBuilding C object CMakeFiles/acare_msgs__rosidl_typesupport_introspection_c.dir/rosidl_typesupport_introspection_c/acare_msgs/msg/detail/emergency_signal__type_support.c.o[0m
[8.810s] [ 72%] [32mBuilding CXX object CMakeFiles/acare_msgs__rosidl_typesupport_fastrtps_cpp.dir/rosidl_typesupport_fastrtps_cpp/acare_msgs/msg/detail/dds_fastrtps/vision_search_request__type_support.cpp.o[0m
[8.904s] [ 72%] [32mBuilding C object CMakeFiles/acare_msgs__rosidl_typesupport_introspection_c.dir/rosidl_typesupport_introspection_c/acare_msgs/srv/detail/enrol_staff__type_support.c.o[0m
[8.991s] [ 73%] [32mBuilding CXX object CMakeFiles/acare_msgs__rosidl_typesupport_fastrtps_cpp.dir/rosidl_typesupport_fastrtps_cpp/acare_msgs/msg/detail/dds_fastrtps/arm_command__type_support.cpp.o[0m
[9.003s] [ 74%] [32m[1mLinking C shared library libacare_msgs__rosidl_typesupport_introspection_c.so[0m
[9.068s] [ 74%] Built target acare_msgs__rosidl_typesupport_introspection_c
[9.086s] [ 74%] [32mBuilding CXX object CMakeFiles/acare_msgs__rosidl_typesupport_fastrtps_c.dir/rosidl_typesupport_fastrtps_c/acare_msgs/msg/detail/state_transition__type_support_c.cpp.o[0m
[9.124s] [ 74%] [32mBuilding CXX object CMakeFiles/acare_msgs__rosidl_typesupport_fastrtps_cpp.dir/rosidl_typesupport_fastrtps_cpp/acare_msgs/msg/detail/dds_fastrtps/gripper_command__type_support.cpp.o[0m
[9.135s] [ 75%] [32mBuilding CXX object CMakeFiles/acare_msgs__rosidl_typesupport_fastrtps_c.dir/rosidl_typesupport_fastrtps_c/acare_msgs/msg/detail/intent__type_support_c.cpp.o[0m
[9.244s] [ 76%] [32mBuilding CXX object CMakeFiles/acare_msgs__rosidl_typesupport_fastrtps_c.dir/rosidl_typesupport_fastrtps_c/acare_msgs/msg/detail/validated_intent__type_support_c.cpp.o[0m
[9.295s] [ 77%] [32mBuilding CXX object CMakeFiles/acare_msgs__rosidl_typesupport_fastrtps_cpp.dir/rosidl_typesupport_fastrtps_cpp/acare_msgs/msg/detail/dds_fastrtps/motion_feedback__type_support.cpp.o[0m
[9.388s] [ 77%] [32mBuilding CXX object CMakeFiles/acare_msgs__rosidl_typesupport_fastrtps_c.dir/rosidl_typesupport_fastrtps_c/acare_msgs/msg/detail/safety_alert__type_support_c.cpp.o[0m
[9.399s] [ 78%] [32mBuilding CXX object CMakeFiles/acare_msgs__rosidl_typesupport_fastrtps_c.dir/rosidl_typesupport_fastrtps_c/acare_msgs/msg/detail/hand_status__type_support_c.cpp.o[0m
[9.477s] [ 79%] [32m[1mLinking CXX shared library libacare_msgs__rosidl_typesupport_introspection_cpp.so[0m
[9.477s] [ 79%] [32mBuilding CXX object CMakeFiles/acare_msgs__rosidl_typesupport_fastrtps_c.dir/rosidl_typesupport_fastrtps_c/acare_msgs/msg/detail/auth_result__type_support_c.cpp.o[0m
[9.508s] [ 80%] [32mBuilding CXX object CMakeFiles/acare_msgs__rosidl_typesupport_fastrtps_c.dir/rosidl_typesupport_fastrtps_c/acare_msgs/msg/detail/vision_result__type_support_c.cpp.o[0m
[9.621s] [ 80%] [32mBuilding CXX object CMakeFiles/acare_msgs__rosidl_typesupport_fastrtps_c.dir/rosidl_typesupport_fastrtps_c/acare_msgs/msg/detail/vision_search_request__type_support_c.cpp.o[0m
[9.630s] [ 80%] [32mBuilding CXX object CMakeFiles/acare_msgs__rosidl_typesupport_fastrtps_cpp.dir/rosidl_typesupport_fastrtps_cpp/acare_msgs/msg/detail/dds_fastrtps/log_event__type_support.cpp.o[0m
[9.635s] [ 80%] Built target acare_msgs__rosidl_typesupport_introspection_cpp
[9.650s] [ 82%] [32mBuilding CXX object CMakeFiles/acare_msgs__rosidl_typesupport_fastrtps_cpp.dir/rosidl_typesupport_fastrtps_cpp/acare_msgs/msg/detail/dds_fastrtps/emergency_signal__type_support.cpp.o[0m
[9.650s] [ 82%] [32mBuilding CXX object CMakeFiles/acare_msgs__rosidl_typesupport_fastrtps_c.dir/rosidl_typesupport_fastrtps_c/acare_msgs/msg/detail/arm_command__type_support_c.cpp.o[0m
[9.655s] [ 83%] [32mBuilding CXX object CMakeFiles/acare_msgs__rosidl_typesupport_fastrtps_c.dir/rosidl_typesupport_fastrtps_c/acare_msgs/msg/detail/gripper_command__type_support_c.cpp.o[0m
[9.783s] [ 83%] [32mBuilding CXX object CMakeFiles/acare_msgs__rosidl_typesupport_fastrtps_c.dir/rosidl_typesupport_fastrtps_c/acare_msgs/msg/detail/motion_feedback__type_support_c.cpp.o[0m
[9.956s] [ 84%] [32mBuilding CXX object CMakeFiles/acare_msgs__rosidl_typesupport_fastrtps_cpp.dir/rosidl_typesupport_fastrtps_cpp/acare_msgs/srv/detail/dds_fastrtps/enrol_staff__type_support.cpp.o[0m
[9.980s] [ 85%] [32mBuilding CXX object CMakeFiles/acare_msgs__rosidl_typesupport_fastrtps_c.dir/rosidl_typesupport_fastrtps_c/acare_msgs/msg/detail/log_event__type_support_c.cpp.o[0m
[9.984s] [ 85%] [32mBuilding CXX object CMakeFiles/acare_msgs__rosidl_typesupport_fastrtps_c.dir/rosidl_typesupport_fastrtps_c/acare_msgs/msg/detail/emergency_signal__type_support_c.cpp.o[0m
[9.990s] [ 86%] [32mBuilding CXX object CMakeFiles/acare_msgs__rosidl_typesupport_fastrtps_c.dir/rosidl_typesupport_fastrtps_c/acare_msgs/srv/detail/enrol_staff__type_support_c.cpp.o[0m
[10.755s] [ 86%] [32m[1mLinking CXX shared library libacare_msgs__rosidl_typesupport_fastrtps_c.so[0m
[10.847s] [ 86%] [32m[1mLinking CXX shared library libacare_msgs__rosidl_typesupport_fastrtps_cpp.so[0m
[10.851s] [ 86%] Built target acare_msgs__rosidl_typesupport_fastrtps_c
[10.951s] [ 86%] Built target acare_msgs__rosidl_typesupport_fastrtps_cpp
[10.987s] [ 86%] Built target acare_msgs
[11.025s] [ 87%] [34m[1mGenerating Python code for ROS interfaces[0m
[12.513s] [ 87%] Built target acare_msgs__py
[12.551s] [ 88%] [32mBuilding C object CMakeFiles/acare_msgs__rosidl_generator_py.dir/rosidl_generator_py/acare_msgs/msg/_intent_s.c.o[0m
[12.552s] [ 88%] [32mBuilding C object CMakeFiles/acare_msgs__rosidl_generator_py.dir/rosidl_generator_py/acare_msgs/msg/_state_transition_s.c.o[0m
[12.553s] [ 88%] [32mBuilding C object CMakeFiles/acare_msgs__rosidl_generator_py.dir/rosidl_generator_py/acare_msgs/msg/_robot_state_s.c.o[0m
[12.554s] [ 89%] [32mBuilding C object CMakeFiles/acare_msgs__rosidl_generator_py.dir/rosidl_generator_py/acare_msgs/msg/_validated_intent_s.c.o[0m
[12.554s] [ 89%] [32mBuilding C object CMakeFiles/acare_msgs__rosidl_generator_py.dir/rosidl_generator_py/acare_msgs/msg/_vision_result_s.c.o[0m
[12.555s] [ 90%] [32mBuilding C object CMakeFiles/acare_msgs__rosidl_generator_py.dir/rosidl_generator_py/acare_msgs/msg/_hand_status_s.c.o[0m
[12.555s] [ 91%] [32mBuilding C object CMakeFiles/acare_msgs__rosidl_generator_py.dir/rosidl_generator_py/acare_msgs/msg/_vision_search_request_s.c.o[0m
[12.557s] [ 91%] [32mBuilding C object CMakeFiles/acare_msgs__rosidl_generator_py.dir/rosidl_generator_py/acare_msgs/msg/_safety_alert_s.c.o[0m
[12.557s] [ 92%] [32mBuilding C object CMakeFiles/acare_msgs__rosidl_generator_py.dir/rosidl_generator_py/acare_msgs/msg/_gripper_command_s.c.o[0m
[12.558s] [ 93%] [32mBuilding C object CMakeFiles/acare_msgs__rosidl_generator_py.dir/rosidl_generator_py/acare_msgs/msg/_auth_result_s.c.o[0m
[12.558s] [ 93%] [32mBuilding C object CMakeFiles/acare_msgs__rosidl_generator_py.dir/rosidl_generator_py/acare_msgs/msg/_arm_command_s.c.o[0m
[12.558s] [ 95%] [32mBuilding C object CMakeFiles/acare_msgs__rosidl_generator_py.dir/rosidl_generator_py/acare_msgs/msg/_log_event_s.c.o[0m
[12.558s] [ 95%] [32mBuilding C object CMakeFiles/acare_msgs__rosidl_generator_py.dir/rosidl_generator_py/acare_msgs/msg/_emergency_signal_s.c.o[0m
[12.559s] [ 95%] [32mBuilding C object CMakeFiles/acare_msgs__rosidl_generator_py.dir/rosidl_generator_py/acare_msgs/msg/_motion_feedback_s.c.o[0m
[12.561s] [ 95%] [32mBuilding C object CMakeFiles/acare_msgs__rosidl_generator_py.dir/rosidl_generator_py/acare_msgs/srv/_enrol_staff_s.c.o[0m
[12.831s] [ 96%] [32m[1mLinking C shared library libacare_msgs__rosidl_generator_py.so[0m
[12.897s] [ 96%] Built target acare_msgs__rosidl_generator_py
[12.933s] [ 97%] [32mBuilding C object CMakeFiles/acare_msgs_s__rosidl_typesupport_c.dir/rosidl_generator_py/acare_msgs/_acare_msgs_s.ep.rosidl_typesupport_c.c.o[0m
[12.935s] [ 98%] [32mBuilding C object CMakeFiles/acare_msgs_s__rosidl_typesupport_introspection_c.dir/rosidl_generator_py/acare_msgs/_acare_msgs_s.ep.rosidl_typesupport_introspection_c.c.o[0m
[12.937s] [ 99%] [32mBuilding C object CMakeFiles/acare_msgs_s__rosidl_typesupport_fastrtps_c.dir/rosidl_generator_py/acare_msgs/_acare_msgs_s.ep.rosidl_typesupport_fastrtps_c.c.o[0m
[13.107s] [100%] [32m[1mLinking C shared module rosidl_generator_py/acare_msgs/acare_msgs_s__rosidl_typesupport_introspection_c.so[0m
[13.109s] [100%] [32m[1mLinking C shared module rosidl_generator_py/acare_msgs/acare_msgs_s__rosidl_typesupport_c.so[0m
[13.115s] [100%] [32m[1mLinking C shared module rosidl_generator_py/acare_msgs/acare_msgs_s__rosidl_typesupport_fastrtps_c.so[0m
[13.143s] [100%] Built target acare_msgs_s__rosidl_typesupport_introspection_c
[13.154s] [100%] Built target acare_msgs_s__rosidl_typesupport_c
[13.156s] [100%] Built target acare_msgs_s__rosidl_typesupport_fastrtps_c
[13.178s] Invoked command in '/home/shreevanth-m/acare_demo_ws/src/acaresim_final/acaresim/build/acare_msgs' returned '0': CMAKE_PREFIX_PATH=/home/shreevanth-m/acare_demo_ws/install/urdf_assembly_6dof_moveit_config:/home/shreevanth-m/acare_demo_ws/install/acare_msgs:/home/shreevanth-m/camera_ws/install/articubot_one:/home/shreevanth-m/acare_demo_ws/install/urdf_assembly_6dof_description:/home/shreevanth-m/camera_ws/install/camera_robot_description:/home/shreevanth-m/ros2_ws/install/urdf_assembly_6dof_description:/home/shreevanth-m/ros2_ws/install/holo_description:/home/shreevanth-m/ros2_ws/install/acare_pick_place:/opt/ros/jazzy:/home/shreevanth-m/ros2_ws/install/urdf_assembly_6dof_moveit_config:/home/shreevanth-m/ros2_ws/install/ros2_grasping:/home/shreevanth-m/ros2_ws/install/irb120_ros2_moveit2:/home/shreevanth-m/ros2_ws/install/irb120_ros2_gazebo:/home/shreevanth-m/ros2_ws/install/acare_msgs:/home/shreevanth-m/ros2_ws/install/acare_moveit_config:/opt/ros/jazzy/opt/gz_sim_vendor:/opt/ros/jazzy/opt/gz_sensors_vendor:/opt/ros/jazzy/opt/gz_physics_vendor:/opt/ros/jazzy/opt/sdformat_vendor:/opt/ros/jazzy/opt/gz_gui_vendor:/opt/ros/jazzy/opt/gz_transport_vendor:/opt/ros/jazzy/opt/gz_rendering_vendor:/opt/ros/jazzy/opt/gz_plugin_vendor:/opt/ros/jazzy/opt/gz_fuel_tools_vendor:/opt/ros/jazzy/opt/gz_msgs_vendor:/opt/ros/jazzy/opt/gz_common_vendor:/opt/ros/jazzy/opt/gz_math_vendor:/opt/ros/jazzy/opt/gz_utils_vendor:/opt/ros/jazzy/opt/gz_tools_vendor:/opt/ros/jazzy/opt/gz_ogre_next_vendor:/opt/ros/jazzy/opt/gz_dartsim_vendor:/opt/ros/jazzy/opt/gz_cmake_vendor DEBUGINFOD_URLS=https://debuginfod.ubuntu.com /usr/bin/cmake --build /home/shreevanth-m/acare_demo_ws/src/acaresim_final/acaresim/build/acare_msgs -- -j16 -l16
[13.198s] Invoking command in '/home/shreevanth-m/acare_demo_ws/src/acaresim_final/acaresim/build/acare_msgs': CMAKE_PREFIX_PATH=/home/shreevanth-m/acare_demo_ws/install/urdf_assembly_6dof_moveit_config:/home/shreevanth-m/acare_demo_ws/install/acare_msgs:/home/shreevanth-m/camera_ws/install/articubot_one:/home/shreevanth-m/acare_demo_ws/install/urdf_assembly_6dof_description:/home/shreevanth-m/camera_ws/install/camera_robot_description:/home/shreevanth-m/ros2_ws/install/urdf_assembly_6dof_description:/home/shreevanth-m/ros2_ws/install/holo_description:/home/shreevanth-m/ros2_ws/install/acare_pick_place:/opt/ros/jazzy:/home/shreevanth-m/ros2_ws/install/urdf_assembly_6dof_moveit_config:/home/shreevanth-m/ros2_ws/install/ros2_grasping:/home/shreevanth-m/ros2_ws/install/irb120_ros2_moveit2:/home/shreevanth-m/ros2_ws/install/irb120_ros2_gazebo:/home/shreevanth-m/ros2_ws/install/acare_msgs:/home/shreevanth-m/ros2_ws/install/acare_moveit_config:/opt/ros/jazzy/opt/gz_sim_vendor:/opt/ros/jazzy/opt/gz_sensors_vendor:/opt/ros/jazzy/opt/gz_physics_vendor:/opt/ros/jazzy/opt/sdformat_vendor:/opt/ros/jazzy/opt/gz_gui_vendor:/opt/ros/jazzy/opt/gz_transport_vendor:/opt/ros/jazzy/opt/gz_rendering_vendor:/opt/ros/jazzy/opt/gz_plugin_vendor:/opt/ros/jazzy/opt/gz_fuel_tools_vendor:/opt/ros/jazzy/opt/gz_msgs_vendor:/opt/ros/jazzy/opt/gz_common_vendor:/opt/ros/jazzy/opt/gz_math_vendor:/opt/ros/jazzy/opt/gz_utils_vendor:/opt/ros/jazzy/opt/gz_tools_vendor:/opt/ros/jazzy/opt/gz_ogre_next_vendor:/opt/ros/jazzy/opt/gz_dartsim_vendor:/opt/ros/jazzy/opt/gz_cmake_vendor DEBUGINFOD_URLS=https://debuginfod.ubuntu.com /usr/bin/cmake --install /home/shreevanth-m/acare_demo_ws/src/acaresim_final/acaresim/build/acare_msgs
[13.214s] -- Install configuration: ""
[13.215s] -- Execute custom install script
[13.216s] -- Symlinking: /home/shreevanth-m/acare_demo_ws/src/acaresim_final/acaresim/install/acare_msgs/share/ament_index/resource_index/rosidl_interfaces/acare_msgs
[13.233s] -- Symlinking: /home/shreevanth-m/acare_demo_ws/src/acaresim_final/acaresim/install/acare_msgs/share/acare_msgs/msg/RobotState.json
[13.248s] -- Symlinking: /home/shreevanth-m/acare_demo_ws/src/acaresim_final/acaresim/install/acare_msgs/share/acare_msgs/msg/StateTransition.json
[13.262s] -- Symlinking: /home/shreevanth-m/acare_demo_ws/src/acaresim_final/acaresim/install/acare_msgs/share/acare_msgs/msg/Intent.json
[13.277s] -- Symlinking: /home/shreevanth-m/acare_demo_ws/src/acaresim_final/acaresim/install/acare_msgs/share/acare_msgs/msg/ValidatedIntent.json
[13.291s] -- Symlinking: /home/shreevanth-m/acare_demo_ws/src/acaresim_final/acaresim/install/acare_msgs/share/acare_msgs/msg/SafetyAlert.json
[13.306s] -- Symlinking: /home/shreevanth-m/acare_demo_ws/src/acaresim_final/acaresim/install/acare_msgs/share/acare_msgs/msg/HandStatus.json
[13.324s] -- Symlinking: /home/shreevanth-m/acare_demo_ws/src/acaresim_final/acaresim/install/acare_msgs/share/acare_msgs/msg/AuthResult.json
[13.345s] -- Symlinking: /home/shreevanth-m/acare_demo_ws/src/acaresim_final/acaresim/install/acare_msgs/share/acare_msgs/msg/VisionResult.json
[13.361s] -- Symlinking: /home/shreevanth-m/acare_demo_ws/src/acaresim_final/acaresim/install/acare_msgs/share/acare_msgs/msg/VisionSearchRequest.json
[13.378s] -- Symlinking: /home/shreevanth-m/acare_demo_ws/src/acaresim_final/acaresim/install/acare_msgs/share/acare_msgs/msg/ArmCommand.json
[13.395s] -- Symlinking: /home/shreevanth-m/acare_demo_ws/src/acaresim_final/acaresim/install/acare_msgs/share/acare_msgs/msg/GripperCommand.json
[13.412s] -- Symlinking: /home/shreevanth-m/acare_demo_ws/src/acaresim_final/acaresim/install/acare_msgs/share/acare_msgs/msg/MotionFeedback.json
[13.428s] -- Symlinking: /home/shreevanth-m/acare_demo_ws/src/acaresim_final/acaresim/install/acare_msgs/share/acare_msgs/msg/LogEvent.json
[13.444s] -- Symlinking: /home/shreevanth-m/acare_demo_ws/src/acaresim_final/acaresim/install/acare_msgs/share/acare_msgs/msg/EmergencySignal.json
[13.460s] -- Symlinking: /home/shreevanth-m/acare_demo_ws/src/acaresim_final/acaresim/install/acare_msgs/share/acare_msgs/srv/EnrolStaff.json
[13.477s] -- Symlinking: /home/shreevanth-m/acare_demo_ws/src/acaresim_final/acaresim/install/acare_msgs/include/acare_msgs/acare_msgs/msg/arm_command.h
[13.492s] -- Symlinking: /home/shreevanth-m/acare_demo_ws/src/acaresim_final/acaresim/install/acare_msgs/include/acare_msgs/acare_msgs/msg/auth_result.h
[13.507s] -- Symlinking: /home/shreevanth-m/acare_demo_ws/src/acaresim_final/acaresim/install/acare_msgs/include/acare_msgs/acare_msgs/msg/detail/arm_command__functions.h
[13.526s] -- Symlinking: /home/shreevanth-m/acare_demo_ws/src/acaresim_final/acaresim/install/acare_msgs/include/acare_msgs/acare_msgs/msg/detail/arm_command__struct.h
[13.543s] -- Symlinking: /home/shreevanth-m/acare_demo_ws/src/acaresim_final/acaresim/install/acare_msgs/include/acare_msgs/acare_msgs/msg/detail/arm_command__type_support.h
[13.560s] -- Symlinking: /home/shreevanth-m/acare_demo_ws/src/acaresim_final/acaresim/install/acare_msgs/include/acare_msgs/acare_msgs/msg/detail/auth_result__functions.h
[13.574s] -- Symlinking: /home/shreevanth-m/acare_demo_ws/src/acaresim_final/acaresim/install/acare_msgs/include/acare_msgs/acare_msgs/msg/detail/auth_result__struct.h
[13.591s] -- Symlinking: /home/shreevanth-m/acare_demo_ws/src/acaresim_final/acaresim/install/acare_msgs/include/acare_msgs/acare_msgs/msg/detail/auth_result__type_support.h
[13.608s] -- Symlinking: /home/shreevanth-m/acare_demo_ws/src/acaresim_final/acaresim/install/acare_msgs/include/acare_msgs/acare_msgs/msg/detail/emergency_signal__functions.h
[13.622s] -- Symlinking: /home/shreevanth-m/acare_demo_ws/src/acaresim_final/acaresim/install/acare_msgs/include/acare_msgs/acare_msgs/msg/detail/emergency_signal__struct.h
[13.638s] -- Symlinking: /home/shreevanth-m/acare_demo_ws/src/acaresim_final/acaresim/install/acare_msgs/include/acare_msgs/acare_msgs/msg/detail/emergency_signal__type_support.h
[13.653s] -- Symlinking: /home/shreevanth-m/acare_demo_ws/src/acaresim_final/acaresim/install/acare_msgs/include/acare_msgs/acare_msgs/msg/detail/gripper_command__functions.h
[13.666s] -- Symlinking: /home/shreevanth-m/acare_demo_ws/src/acaresim_final/acaresim/install/acare_msgs/include/acare_msgs/acare_msgs/msg/detail/gripper_command__struct.h
[13.680s] -- Symlinking: /home/shreevanth-m/acare_demo_ws/src/acaresim_final/acaresim/install/acare_msgs/include/acare_msgs/acare_msgs/msg/detail/gripper_command__type_support.h
[13.693s] -- Symlinking: /home/shreevanth-m/acare_demo_ws/src/acaresim_final/acaresim/install/acare_msgs/include/acare_msgs/acare_msgs/msg/detail/hand_status__functions.h
[13.704s] -- Symlinking: /home/shreevanth-m/acare_demo_ws/src/acaresim_final/acaresim/install/acare_msgs/include/acare_msgs/acare_msgs/msg/detail/hand_status__struct.h
[13.715s] -- Symlinking: /home/shreevanth-m/acare_demo_ws/src/acaresim_final/acaresim/install/acare_msgs/include/acare_msgs/acare_msgs/msg/detail/hand_status__type_support.h
[13.725s] -- Symlinking: /home/shreevanth-m/acare_demo_ws/src/acaresim_final/acaresim/install/acare_msgs/include/acare_msgs/acare_msgs/msg/detail/intent__functions.h
[13.735s] -- Symlinking: /home/shreevanth-m/acare_demo_ws/src/acaresim_final/acaresim/install/acare_msgs/include/acare_msgs/acare_msgs/msg/detail/intent__struct.h
[13.747s] -- Symlinking: /home/shreevanth-m/acare_demo_ws/src/acaresim_final/acaresim/install/acare_msgs/include/acare_msgs/acare_msgs/msg/detail/intent__type_support.h
[13.758s] -- Symlinking: /home/shreevanth-m/acare_demo_ws/src/acaresim_final/acaresim/install/acare_msgs/include/acare_msgs/acare_msgs/msg/detail/log_event__functions.h
[13.770s] -- Symlinking: /home/shreevanth-m/acare_demo_ws/src/acaresim_final/acaresim/install/acare_msgs/include/acare_msgs/acare_msgs/msg/detail/log_event__struct.h
[13.781s] -- Symlinking: /home/shreevanth-m/acare_demo_ws/src/acaresim_final/acaresim/install/acare_msgs/include/acare_msgs/acare_msgs/msg/detail/log_event__type_support.h
[13.794s] -- Symlinking: /home/shreevanth-m/acare_demo_ws/src/acaresim_final/acaresim/install/acare_msgs/include/acare_msgs/acare_msgs/msg/detail/motion_feedback__functions.h
[13.808s] -- Symlinking: /home/shreevanth-m/acare_demo_ws/src/acaresim_final/acaresim/install/acare_msgs/include/acare_msgs/acare_msgs/msg/detail/motion_feedback__struct.h
[13.823s] -- Symlinking: /home/shreevanth-m/acare_demo_ws/src/acaresim_final/acaresim/install/acare_msgs/include/acare_msgs/acare_msgs/msg/detail/motion_feedback__type_support.h
[13.836s] -- Symlinking: /home/shreevanth-m/acare_demo_ws/src/acaresim_final/acaresim/install/acare_msgs/include/acare_msgs/acare_msgs/msg/detail/robot_state__functions.h
[13.849s] -- Symlinking: /home/shreevanth-m/acare_demo_ws/src/acaresim_final/acaresim/install/acare_msgs/include/acare_msgs/acare_msgs/msg/detail/robot_state__struct.h
[13.860s] -- Symlinking: /home/shreevanth-m/acare_demo_ws/src/acaresim_final/acaresim/install/acare_msgs/include/acare_msgs/acare_msgs/msg/detail/robot_state__type_support.h
[13.872s] -- Symlinking: /home/shreevanth-m/acare_demo_ws/src/acaresim_final/acaresim/install/acare_msgs/include/acare_msgs/acare_msgs/msg/detail/safety_alert__functions.h
[13.885s] -- Symlinking: /home/shreevanth-m/acare_demo_ws/src/acaresim_final/acaresim/install/acare_msgs/include/acare_msgs/acare_msgs/msg/detail/safety_alert__struct.h
[13.900s] -- Symlinking: /home/shreevanth-m/acare_demo_ws/src/acaresim_final/acaresim/install/acare_msgs/include/acare_msgs/acare_msgs/msg/detail/safety_alert__type_support.h
[13.911s] -- Symlinking: /home/shreevanth-m/acare_demo_ws/src/acaresim_final/acaresim/install/acare_msgs/include/acare_msgs/acare_msgs/msg/detail/state_transition__functions.h
[13.923s] -- Symlinking: /home/shreevanth-m/acare_demo_ws/src/acaresim_final/acaresim/install/acare_msgs/include/acare_msgs/acare_msgs/msg/detail/state_transition__struct.h
[13.938s] -- Symlinking: /home/shreevanth-m/acare_demo_ws/src/acaresim_final/acaresim/install/acare_msgs/include/acare_msgs/acare_msgs/msg/detail/state_transition__type_support.h
[13.951s] -- Symlinking: /home/shreevanth-m/acare_demo_ws/src/acaresim_final/acaresim/install/acare_msgs/include/acare_msgs/acare_msgs/msg/detail/validated_intent__functions.h
[13.970s] -- Symlinking: /home/shreevanth-m/acare_demo_ws/src/acaresim_final/acaresim/install/acare_msgs/include/acare_msgs/acare_msgs/msg/detail/validated_intent__struct.h
[13.985s] -- Symlinking: /home/shreevanth-m/acare_demo_ws/src/acaresim_final/acaresim/install/acare_msgs/include/acare_msgs/acare_msgs/msg/detail/validated_intent__type_support.h
[14.000s] -- Symlinking: /home/shreevanth-m/acare_demo_ws/src/acaresim_final/acaresim/install/acare_msgs/include/acare_msgs/acare_msgs/msg/detail/vision_result__functions.h
[14.011s] -- Symlinking: /home/shreevanth-m/acare_demo_ws/src/acaresim_final/acaresim/install/acare_msgs/include/acare_msgs/acare_msgs/msg/detail/vision_result__struct.h
[14.023s] -- Symlinking: /home/shreevanth-m/acare_demo_ws/src/acaresim_final/acaresim/install/acare_msgs/include/acare_msgs/acare_msgs/msg/detail/vision_result__type_support.h
[14.037s] -- Symlinking: /home/shreevanth-m/acare_demo_ws/src/acaresim_final/acaresim/install/acare_msgs/include/acare_msgs/acare_msgs/msg/detail/vision_search_request__functions.h
[14.050s] -- Symlinking: /home/shreevanth-m/acare_demo_ws/src/acaresim_final/acaresim/install/acare_msgs/include/acare_msgs/acare_msgs/msg/detail/vision_search_request__struct.h
[14.064s] -- Symlinking: /home/shreevanth-m/acare_demo_ws/src/acaresim_final/acaresim/install/acare_msgs/include/acare_msgs/acare_msgs/msg/detail/vision_search_request__type_support.h
[14.076s] -- Symlinking: /home/shreevanth-m/acare_demo_ws/src/acaresim_final/acaresim/install/acare_msgs/include/acare_msgs/acare_msgs/msg/emergency_signal.h
[14.097s] -- Symlinking: /home/shreevanth-m/acare_demo_ws/src/acaresim_final/acaresim/install/acare_msgs/include/acare_msgs/acare_msgs/msg/gripper_command.h
[14.117s] -- Symlinking: /home/shreevanth-m/acare_demo_ws/src/acaresim_final/acaresim/install/acare_msgs/include/acare_msgs/acare_msgs/msg/hand_status.h
[14.135s] -- Symlinking: /home/shreevanth-m/acare_demo_ws/src/acaresim_final/acaresim/install/acare_msgs/include/acare_msgs/acare_msgs/msg/intent.h
[14.151s] -- Symlinking: /home/shreevanth-m/acare_demo_ws/src/acaresim_final/acaresim/install/acare_msgs/include/acare_msgs/acare_msgs/msg/log_event.h
[14.162s] -- Symlinking: /home/shreevanth-m/acare_demo_ws/src/acaresim_final/acaresim/install/acare_msgs/include/acare_msgs/acare_msgs/msg/motion_feedback.h
[14.175s] -- Symlinking: /home/shreevanth-m/acare_demo_ws/src/acaresim_final/acaresim/install/acare_msgs/include/acare_msgs/acare_msgs/msg/robot_state.h
[14.186s] -- Symlinking: /home/shreevanth-m/acare_demo_ws/src/acaresim_final/acaresim/install/acare_msgs/include/acare_msgs/acare_msgs/msg/rosidl_generator_c__visibility_control.h
[14.202s] -- Symlinking: /home/shreevanth-m/acare_demo_ws/src/acaresim_final/acaresim/install/acare_msgs/include/acare_msgs/acare_msgs/msg/safety_alert.h
[14.213s] -- Symlinking: /home/shreevanth-m/acare_demo_ws/src/acaresim_final/acaresim/install/acare_msgs/include/acare_msgs/acare_msgs/msg/state_transition.h
[14.224s] -- Symlinking: /home/shreevanth-m/acare_demo_ws/src/acaresim_final/acaresim/install/acare_msgs/include/acare_msgs/acare_msgs/msg/validated_intent.h
[14.235s] -- Symlinking: /home/shreevanth-m/acare_demo_ws/src/acaresim_final/acaresim/install/acare_msgs/include/acare_msgs/acare_msgs/msg/vision_result.h
[14.245s] -- Symlinking: /home/shreevanth-m/acare_demo_ws/src/acaresim_final/acaresim/install/acare_msgs/include/acare_msgs/acare_msgs/msg/vision_search_request.h
[14.259s] -- Symlinking: /home/shreevanth-m/acare_demo_ws/src/acaresim_final/acaresim/install/acare_msgs/include/acare_msgs/acare_msgs/srv/detail/enrol_staff__functions.h
[14.272s] -- Symlinking: /home/shreevanth-m/acare_demo_ws/src/acaresim_final/acaresim/install/acare_msgs/include/acare_msgs/acare_msgs/srv/detail/enrol_staff__struct.h
[14.285s] -- Symlinking: /home/shreevanth-m/acare_demo_ws/src/acaresim_final/acaresim/install/acare_msgs/include/acare_msgs/acare_msgs/srv/detail/enrol_staff__type_support.h
[14.299s] -- Symlinking: /home/shreevanth-m/acare_demo_ws/src/acaresim_final/acaresim/install/acare_msgs/include/acare_msgs/acare_msgs/srv/enrol_staff.h
[14.310s] -- Symlinking: /home/shreevanth-m/acare_demo_ws/src/acaresim_final/acaresim/install/acare_msgs/share/acare_msgs/environment/library_path.sh
[14.320s] -- Symlinking: /home/shreevanth-m/acare_demo_ws/src/acaresim_final/acaresim/install/acare_msgs/share/acare_msgs/environment/library_path.dsv
[14.335s] -- Symlinking: /home/shreevanth-m/acare_demo_ws/src/acaresim_final/acaresim/install/acare_msgs/include/acare_msgs/acare_msgs/msg/detail/arm_command__rosidl_typesupport_fastrtps_c.h
[14.348s] -- Symlinking: /home/shreevanth-m/acare_demo_ws/src/acaresim_final/acaresim/install/acare_msgs/include/acare_msgs/acare_msgs/msg/detail/auth_result__rosidl_typesupport_fastrtps_c.h
[14.359s] -- Symlinking: /home/shreevanth-m/acare_demo_ws/src/acaresim_final/acaresim/install/acare_msgs/include/acare_msgs/acare_msgs/msg/detail/emergency_signal__rosidl_typesupport_fastrtps_c.h
[14.372s] -- Symlinking: /home/shreevanth-m/acare_demo_ws/src/acaresim_final/acaresim/install/acare_msgs/include/acare_msgs/acare_msgs/msg/detail/gripper_command__rosidl_typesupport_fastrtps_c.h
[14.383s] -- Symlinking: /home/shreevanth-m/acare_demo_ws/src/acaresim_final/acaresim/install/acare_msgs/include/acare_msgs/acare_msgs/msg/detail/hand_status__rosidl_typesupport_fastrtps_c.h
[14.395s] -- Symlinking: /home/shreevanth-m/acare_demo_ws/src/acaresim_final/acaresim/install/acare_msgs/include/acare_msgs/acare_msgs/msg/detail/intent__rosidl_typesupport_fastrtps_c.h
[14.405s] -- Symlinking: /home/shreevanth-m/acare_demo_ws/src/acaresim_final/acaresim/install/acare_msgs/include/acare_msgs/acare_msgs/msg/detail/log_event__rosidl_typesupport_fastrtps_c.h
[14.417s] -- Symlinking: /home/shreevanth-m/acare_demo_ws/src/acaresim_final/acaresim/install/acare_msgs/include/acare_msgs/acare_msgs/msg/detail/motion_feedback__rosidl_typesupport_fastrtps_c.h
[14.433s] -- Symlinking: /home/shreevanth-m/acare_demo_ws/src/acaresim_final/acaresim/install/acare_msgs/include/acare_msgs/acare_msgs/msg/detail/robot_state__rosidl_typesupport_fastrtps_c.h
[14.450s] -- Symlinking: /home/shreevanth-m/acare_demo_ws/src/acaresim_final/acaresim/install/acare_msgs/include/acare_msgs/acare_msgs/msg/detail/safety_alert__rosidl_typesupport_fastrtps_c.h
[14.464s] -- Symlinking: /home/shreevanth-m/acare_demo_ws/src/acaresim_final/acaresim/install/acare_msgs/include/acare_msgs/acare_msgs/msg/detail/state_transition__rosidl_typesupport_fastrtps_c.h
[14.477s] -- Symlinking: /home/shreevanth-m/acare_demo_ws/src/acaresim_final/acaresim/install/acare_msgs/include/acare_msgs/acare_msgs/msg/detail/validated_intent__rosidl_typesupport_fastrtps_c.h
[14.493s] -- Symlinking: /home/shreevanth-m/acare_demo_ws/src/acaresim_final/acaresim/install/acare_msgs/include/acare_msgs/acare_msgs/msg/detail/vision_result__rosidl_typesupport_fastrtps_c.h
[14.509s] -- Symlinking: /home/shreevanth-m/acare_demo_ws/src/acaresim_final/acaresim/install/acare_msgs/include/acare_msgs/acare_msgs/msg/detail/vision_search_request__rosidl_typesupport_fastrtps_c.h
[14.524s] -- Symlinking: /home/shreevanth-m/acare_demo_ws/src/acaresim_final/acaresim/install/acare_msgs/include/acare_msgs/acare_msgs/msg/rosidl_typesupport_fastrtps_c__visibility_control.h
[14.538s] -- Symlinking: /home/shreevanth-m/acare_demo_ws/src/acaresim_final/acaresim/install/acare_msgs/include/acare_msgs/acare_msgs/srv/detail/enrol_staff__rosidl_typesupport_fastrtps_c.h
[14.555s] -- Symlinking: /home/shreevanth-m/acare_demo_ws/src/acaresim_final/acaresim/install/acare_msgs/include/acare_msgs/acare_msgs/msg/detail/arm_command__rosidl_typesupport_introspection_c.h
[14.572s] -- Symlinking: /home/shreevanth-m/acare_demo_ws/src/acaresim_final/acaresim/install/acare_msgs/include/acare_msgs/acare_msgs/msg/detail/auth_result__rosidl_typesupport_introspection_c.h
[14.588s] -- Symlinking: /home/shreevanth-m/acare_demo_ws/src/acaresim_final/acaresim/install/acare_msgs/include/acare_msgs/acare_msgs/msg/detail/emergency_signal__rosidl_typesupport_introspection_c.h
[14.603s] -- Symlinking: /home/shreevanth-m/acare_demo_ws/src/acaresim_final/acaresim/install/acare_msgs/include/acare_msgs/acare_msgs/msg/detail/gripper_command__rosidl_typesupport_introspection_c.h
[14.618s] -- Symlinking: /home/shreevanth-m/acare_demo_ws/src/acaresim_final/acaresim/install/acare_msgs/include/acare_msgs/acare_msgs/msg/detail/hand_status__rosidl_typesupport_introspection_c.h
[14.631s] -- Symlinking: /home/shreevanth-m/acare_demo_ws/src/acaresim_final/acaresim/install/acare_msgs/include/acare_msgs/acare_msgs/msg/detail/intent__rosidl_typesupport_introspection_c.h
[14.649s] -- Symlinking: /home/shreevanth-m/acare_demo_ws/src/acaresim_final/acaresim/install/acare_msgs/include/acare_msgs/acare_msgs/msg/detail/log_event__rosidl_typesupport_introspection_c.h
[14.667s] -- Symlinking: /home/shreevanth-m/acare_demo_ws/src/acaresim_final/acaresim/install/acare_msgs/include/acare_msgs/acare_msgs/msg/detail/motion_feedback__rosidl_typesupport_introspection_c.h
[14.681s] -- Symlinking: /home/shreevanth-m/acare_demo_ws/src/acaresim_final/acaresim/install/acare_msgs/include/acare_msgs/acare_msgs/msg/detail/robot_state__rosidl_typesupport_introspection_c.h
[14.694s] -- Symlinking: /home/shreevanth-m/acare_demo_ws/src/acaresim_final/acaresim/install/acare_msgs/include/acare_msgs/acare_msgs/msg/detail/safety_alert__rosidl_typesupport_introspection_c.h
[14.712s] -- Symlinking: /home/shreevanth-m/acare_demo_ws/src/acaresim_final/acaresim/install/acare_msgs/include/acare_msgs/acare_msgs/msg/detail/state_transition__rosidl_typesupport_introspection_c.h
[14.725s] -- Symlinking: /home/shreevanth-m/acare_demo_ws/src/acaresim_final/acaresim/install/acare_msgs/include/acare_msgs/acare_msgs/msg/detail/validated_intent__rosidl_typesupport_introspection_c.h
[14.737s] -- Symlinking: /home/shreevanth-m/acare_demo_ws/src/acaresim_final/acaresim/install/acare_msgs/include/acare_msgs/acare_msgs/msg/detail/vision_result__rosidl_typesupport_introspection_c.h
[14.750s] -- Symlinking: /home/shreevanth-m/acare_demo_ws/src/acaresim_final/acaresim/install/acare_msgs/include/acare_msgs/acare_msgs/msg/detail/vision_search_request__rosidl_typesupport_introspection_c.h
[14.762s] -- Symlinking: /home/shreevanth-m/acare_demo_ws/src/acaresim_final/acaresim/install/acare_msgs/include/acare_msgs/acare_msgs/msg/rosidl_typesupport_introspection_c__visibility_control.h
[14.773s] -- Symlinking: /home/shreevanth-m/acare_demo_ws/src/acaresim_final/acaresim/install/acare_msgs/include/acare_msgs/acare_msgs/srv/detail/enrol_staff__rosidl_typesupport_introspection_c.h
[14.785s] -- Symlinking: /home/shreevanth-m/acare_demo_ws/src/acaresim_final/acaresim/install/acare_msgs/include/acare_msgs/acare_msgs/msg/arm_command.hpp
[14.796s] -- Symlinking: /home/shreevanth-m/acare_demo_ws/src/acaresim_final/acaresim/install/acare_msgs/include/acare_msgs/acare_msgs/msg/auth_result.hpp
[14.808s] -- Symlinking: /home/shreevanth-m/acare_demo_ws/src/acaresim_final/acaresim/install/acare_msgs/include/acare_msgs/acare_msgs/msg/detail/arm_command__builder.hpp
[14.822s] -- Symlinking: /home/shreevanth-m/acare_demo_ws/src/acaresim_final/acaresim/install/acare_msgs/include/acare_msgs/acare_msgs/msg/detail/arm_command__struct.hpp
[14.834s] -- Symlinking: /home/shreevanth-m/acare_demo_ws/src/acaresim_final/acaresim/install/acare_msgs/include/acare_msgs/acare_msgs/msg/detail/arm_command__traits.hpp
[14.847s] -- Symlinking: /home/shreevanth-m/acare_demo_ws/src/acaresim_final/acaresim/install/acare_msgs/include/acare_msgs/acare_msgs/msg/detail/arm_command__type_support.hpp
[14.860s] -- Symlinking: /home/shreevanth-m/acare_demo_ws/src/acaresim_final/acaresim/install/acare_msgs/include/acare_msgs/acare_msgs/msg/detail/auth_result__builder.hpp
[14.872s] -- Symlinking: /home/shreevanth-m/acare_demo_ws/src/acaresim_final/acaresim/install/acare_msgs/include/acare_msgs/acare_msgs/msg/detail/auth_result__struct.hpp
[14.885s] -- Symlinking: /home/shreevanth-m/acare_demo_ws/src/acaresim_final/acaresim/install/acare_msgs/include/acare_msgs/acare_msgs/msg/detail/auth_result__traits.hpp
[14.898s] -- Symlinking: /home/shreevanth-m/acare_demo_ws/src/acaresim_final/acaresim/install/acare_msgs/include/acare_msgs/acare_msgs/msg/detail/auth_result__type_support.hpp
[14.909s] -- Symlinking: /home/shreevanth-m/acare_demo_ws/src/acaresim_final/acaresim/install/acare_msgs/include/acare_msgs/acare_msgs/msg/detail/emergency_signal__builder.hpp
[14.921s] -- Symlinking: /home/shreevanth-m/acare_demo_ws/src/acaresim_final/acaresim/install/acare_msgs/include/acare_msgs/acare_msgs/msg/detail/emergency_signal__struct.hpp
[14.932s] -- Symlinking: /home/shreevanth-m/acare_demo_ws/src/acaresim_final/acaresim/install/acare_msgs/include/acare_msgs/acare_msgs/msg/detail/emergency_signal__traits.hpp
[14.944s] -- Symlinking: /home/shreevanth-m/acare_demo_ws/src/acaresim_final/acaresim/install/acare_msgs/include/acare_msgs/acare_msgs/msg/detail/emergency_signal__type_support.hpp
[14.957s] -- Symlinking: /home/shreevanth-m/acare_demo_ws/src/acaresim_final/acaresim/install/acare_msgs/include/acare_msgs/acare_msgs/msg/detail/gripper_command__builder.hpp
[14.970s] -- Symlinking: /home/shreevanth-m/acare_demo_ws/src/acaresim_final/acaresim/install/acare_msgs/include/acare_msgs/acare_msgs/msg/detail/gripper_command__struct.hpp
[14.983s] -- Symlinking: /home/shreevanth-m/acare_demo_ws/src/acaresim_final/acaresim/install/acare_msgs/include/acare_msgs/acare_msgs/msg/detail/gripper_command__traits.hpp
[14.996s] -- Symlinking: /home/shreevanth-m/acare_demo_ws/src/acaresim_final/acaresim/install/acare_msgs/include/acare_msgs/acare_msgs/msg/detail/gripper_command__type_support.hpp
[15.007s] -- Symlinking: /home/shreevanth-m/acare_demo_ws/src/acaresim_final/acaresim/install/acare_msgs/include/acare_msgs/acare_msgs/msg/detail/hand_status__builder.hpp
[15.019s] -- Symlinking: /home/shreevanth-m/acare_demo_ws/src/acaresim_final/acaresim/install/acare_msgs/include/acare_msgs/acare_msgs/msg/detail/hand_status__struct.hpp
[15.031s] -- Symlinking: /home/shreevanth-m/acare_demo_ws/src/acaresim_final/acaresim/install/acare_msgs/include/acare_msgs/acare_msgs/msg/detail/hand_status__traits.hpp
[15.044s] -- Symlinking: /home/shreevanth-m/acare_demo_ws/src/acaresim_final/acaresim/install/acare_msgs/include/acare_msgs/acare_msgs/msg/detail/hand_status__type_support.hpp
[15.056s] -- Symlinking: /home/shreevanth-m/acare_demo_ws/src/acaresim_final/acaresim/install/acare_msgs/include/acare_msgs/acare_msgs/msg/detail/intent__builder.hpp
[15.069s] -- Symlinking: /home/shreevanth-m/acare_demo_ws/src/acaresim_final/acaresim/install/acare_msgs/include/acare_msgs/acare_msgs/msg/detail/intent__struct.hpp
[15.082s] -- Symlinking: /home/shreevanth-m/acare_demo_ws/src/acaresim_final/acaresim/install/acare_msgs/include/acare_msgs/acare_msgs/msg/detail/intent__traits.hpp
[15.097s] -- Symlinking: /home/shreevanth-m/acare_demo_ws/src/acaresim_final/acaresim/install/acare_msgs/include/acare_msgs/acare_msgs/msg/detail/intent__type_support.hpp
[15.109s] -- Symlinking: /home/shreevanth-m/acare_demo_ws/src/acaresim_final/acaresim/install/acare_msgs/include/acare_msgs/acare_msgs/msg/detail/log_event__builder.hpp
[15.122s] -- Symlinking: /home/shreevanth-m/acare_demo_ws/src/acaresim_final/acaresim/install/acare_msgs/include/acare_msgs/acare_msgs/msg/detail/log_event__struct.hpp
[15.135s] -- Symlinking: /home/shreevanth-m/acare_demo_ws/src/acaresim_final/acaresim/install/acare_msgs/include/acare_msgs/acare_msgs/msg/detail/log_event__traits.hpp
[15.148s] -- Symlinking: /home/shreevanth-m/acare_demo_ws/src/acaresim_final/acaresim/install/acare_msgs/include/acare_msgs/acare_msgs/msg/detail/log_event__type_support.hpp
[15.162s] -- Symlinking: /home/shreevanth-m/acare_demo_ws/src/acaresim_final/acaresim/install/acare_msgs/include/acare_msgs/acare_msgs/msg/detail/motion_feedback__builder.hpp
[15.176s] -- Symlinking: /home/shreevanth-m/acare_demo_ws/src/acaresim_final/acaresim/install/acare_msgs/include/acare_msgs/acare_msgs/msg/detail/motion_feedback__struct.hpp
[15.188s] -- Symlinking: /home/shreevanth-m/acare_demo_ws/src/acaresim_final/acaresim/install/acare_msgs/include/acare_msgs/acare_msgs/msg/detail/motion_feedback__traits.hpp
[15.200s] -- Symlinking: /home/shreevanth-m/acare_demo_ws/src/acaresim_final/acaresim/install/acare_msgs/include/acare_msgs/acare_msgs/msg/detail/motion_feedback__type_support.hpp
[15.212s] -- Symlinking: /home/shreevanth-m/acare_demo_ws/src/acaresim_final/acaresim/install/acare_msgs/include/acare_msgs/acare_msgs/msg/detail/robot_state__builder.hpp
[15.224s] -- Symlinking: /home/shreevanth-m/acare_demo_ws/src/acaresim_final/acaresim/install/acare_msgs/include/acare_msgs/acare_msgs/msg/detail/robot_state__struct.hpp
[15.235s] -- Symlinking: /home/shreevanth-m/acare_demo_ws/src/acaresim_final/acaresim/install/acare_msgs/include/acare_msgs/acare_msgs/msg/detail/robot_state__traits.hpp
[15.246s] -- Symlinking: /home/shreevanth-m/acare_demo_ws/src/acaresim_final/acaresim/install/acare_msgs/include/acare_msgs/acare_msgs/msg/detail/robot_state__type_support.hpp
[15.259s] -- Symlinking: /home/shreevanth-m/acare_demo_ws/src/acaresim_final/acaresim/install/acare_msgs/include/acare_msgs/acare_msgs/msg/detail/safety_alert__builder.hpp
[15.274s] -- Symlinking: /home/shreevanth-m/acare_demo_ws/src/acaresim_final/acaresim/install/acare_msgs/include/acare_msgs/acare_msgs/msg/detail/safety_alert__struct.hpp
[15.285s] -- Symlinking: /home/shreevanth-m/acare_demo_ws/src/acaresim_final/acaresim/install/acare_msgs/include/acare_msgs/acare_msgs/msg/detail/safety_alert__traits.hpp
[15.295s] -- Symlinking: /home/shreevanth-m/acare_demo_ws/src/acaresim_final/acaresim/install/acare_msgs/include/acare_msgs/acare_msgs/msg/detail/safety_alert__type_support.hpp
[15.306s] -- Symlinking: /home/shreevanth-m/acare_demo_ws/src/acaresim_final/acaresim/install/acare_msgs/include/acare_msgs/acare_msgs/msg/detail/state_transition__builder.hpp
[15.317s] -- Symlinking: /home/shreevanth-m/acare_demo_ws/src/acaresim_final/acaresim/install/acare_msgs/include/acare_msgs/acare_msgs/msg/detail/state_transition__struct.hpp
[15.327s] -- Symlinking: /home/shreevanth-m/acare_demo_ws/src/acaresim_final/acaresim/install/acare_msgs/include/acare_msgs/acare_msgs/msg/detail/state_transition__traits.hpp
[15.336s] -- Symlinking: /home/shreevanth-m/acare_demo_ws/src/acaresim_final/acaresim/install/acare_msgs/include/acare_msgs/acare_msgs/msg/detail/state_transition__type_support.hpp
[15.346s] -- Symlinking: /home/shreevanth-m/acare_demo_ws/src/acaresim_final/acaresim/install/acare_msgs/include/acare_msgs/acare_msgs/msg/detail/validated_intent__builder.hpp
[15.357s] -- Symlinking: /home/shreevanth-m/acare_demo_ws/src/acaresim_final/acaresim/install/acare_msgs/include/acare_msgs/acare_msgs/msg/detail/validated_intent__struct.hpp
[15.372s] -- Symlinking: /home/shreevanth-m/acare_demo_ws/src/acaresim_final/acaresim/install/acare_msgs/include/acare_msgs/acare_msgs/msg/detail/validated_intent__traits.hpp
[15.383s] -- Symlinking: /home/shreevanth-m/acare_demo_ws/src/acaresim_final/acaresim/install/acare_msgs/include/acare_msgs/acare_msgs/msg/detail/validated_intent__type_support.hpp
[15.394s] -- Symlinking: /home/shreevanth-m/acare_demo_ws/src/acaresim_final/acaresim/install/acare_msgs/include/acare_msgs/acare_msgs/msg/detail/vision_result__builder.hpp
[15.407s] -- Symlinking: /home/shreevanth-m/acare_demo_ws/src/acaresim_final/acaresim/install/acare_msgs/include/acare_msgs/acare_msgs/msg/detail/vision_result__struct.hpp
[15.419s] -- Symlinking: /home/shreevanth-m/acare_demo_ws/src/acaresim_final/acaresim/install/acare_msgs/include/acare_msgs/acare_msgs/msg/detail/vision_result__traits.hpp
[15.429s] -- Symlinking: /home/shreevanth-m/acare_demo_ws/src/acaresim_final/acaresim/install/acare_msgs/include/acare_msgs/acare_msgs/msg/detail/vision_result__type_support.hpp
[15.440s] -- Symlinking: /home/shreevanth-m/acare_demo_ws/src/acaresim_final/acaresim/install/acare_msgs/include/acare_msgs/acare_msgs/msg/detail/vision_search_request__builder.hpp
[15.449s] -- Symlinking: /home/shreevanth-m/acare_demo_ws/src/acaresim_final/acaresim/install/acare_msgs/include/acare_msgs/acare_msgs/msg/detail/vision_search_request__struct.hpp
[15.459s] -- Symlinking: /home/shreevanth-m/acare_demo_ws/src/acaresim_final/acaresim/install/acare_msgs/include/acare_msgs/acare_msgs/msg/detail/vision_search_request__traits.hpp
[15.472s] -- Symlinking: /home/shreevanth-m/acare_demo_ws/src/acaresim_final/acaresim/install/acare_msgs/include/acare_msgs/acare_msgs/msg/detail/vision_search_request__type_support.hpp
[15.483s] -- Symlinking: /home/shreevanth-m/acare_demo_ws/src/acaresim_final/acaresim/install/acare_msgs/include/acare_msgs/acare_msgs/msg/emergency_signal.hpp
[15.495s] -- Symlinking: /home/shreevanth-m/acare_demo_ws/src/acaresim_final/acaresim/install/acare_msgs/include/acare_msgs/acare_msgs/msg/gripper_command.hpp
[15.505s] -- Symlinking: /home/shreevanth-m/acare_demo_ws/src/acaresim_final/acaresim/install/acare_msgs/include/acare_msgs/acare_msgs/msg/hand_status.hpp
[15.516s] -- Symlinking: /home/shreevanth-m/acare_demo_ws/src/acaresim_final/acaresim/install/acare_msgs/include/acare_msgs/acare_msgs/msg/intent.hpp
[15.527s] -- Symlinking: /home/shreevanth-m/acare_demo_ws/src/acaresim_final/acaresim/install/acare_msgs/include/acare_msgs/acare_msgs/msg/log_event.hpp
[15.538s] -- Symlinking: /home/shreevanth-m/acare_demo_ws/src/acaresim_final/acaresim/install/acare_msgs/include/acare_msgs/acare_msgs/msg/motion_feedback.hpp
[15.549s] -- Symlinking: /home/shreevanth-m/acare_demo_ws/src/acaresim_final/acaresim/install/acare_msgs/include/acare_msgs/acare_msgs/msg/robot_state.hpp
[15.560s] -- Symlinking: /home/shreevanth-m/acare_demo_ws/src/acaresim_final/acaresim/install/acare_msgs/include/acare_msgs/acare_msgs/msg/rosidl_generator_cpp__visibility_control.hpp
[15.571s] -- Symlinking: /home/shreevanth-m/acare_demo_ws/src/acaresim_final/acaresim/install/acare_msgs/include/acare_msgs/acare_msgs/msg/safety_alert.hpp
[15.583s] -- Symlinking: /home/shreevanth-m/acare_demo_ws/src/acaresim_final/acaresim/install/acare_msgs/include/acare_msgs/acare_msgs/msg/state_transition.hpp
[15.595s] -- Symlinking: /home/shreevanth-m/acare_demo_ws/src/acaresim_final/acaresim/install/acare_msgs/include/acare_msgs/acare_msgs/msg/validated_intent.hpp
[15.605s] -- Symlinking: /home/shreevanth-m/acare_demo_ws/src/acaresim_final/acaresim/install/acare_msgs/include/acare_msgs/acare_msgs/msg/vision_result.hpp
[15.615s] -- Symlinking: /home/shreevanth-m/acare_demo_ws/src/acaresim_final/acaresim/install/acare_msgs/include/acare_msgs/acare_msgs/msg/vision_search_request.hpp
[15.627s] -- Symlinking: /home/shreevanth-m/acare_demo_ws/src/acaresim_final/acaresim/install/acare_msgs/include/acare_msgs/acare_msgs/srv/detail/enrol_staff__builder.hpp
[15.637s] -- Symlinking: /home/shreevanth-m/acare_demo_ws/src/acaresim_final/acaresim/install/acare_msgs/include/acare_msgs/acare_msgs/srv/detail/enrol_staff__struct.hpp
[15.648s] -- Symlinking: /home/shreevanth-m/acare_demo_ws/src/acaresim_final/acaresim/install/acare_msgs/include/acare_msgs/acare_msgs/srv/detail/enrol_staff__traits.hpp
[15.661s] -- Symlinking: /home/shreevanth-m/acare_demo_ws/src/acaresim_final/acaresim/install/acare_msgs/include/acare_msgs/acare_msgs/srv/detail/enrol_staff__type_support.hpp
[15.674s] -- Symlinking: /home/shreevanth-m/acare_demo_ws/src/acaresim_final/acaresim/install/acare_msgs/include/acare_msgs/acare_msgs/srv/enrol_staff.hpp
[15.687s] -- Symlinking: /home/shreevanth-m/acare_demo_ws/src/acaresim_final/acaresim/install/acare_msgs/include/acare_msgs/acare_msgs/msg/detail/arm_command__rosidl_typesupport_fastrtps_cpp.hpp
[15.703s] -- Symlinking: /home/shreevanth-m/acare_demo_ws/src/acaresim_final/acaresim/install/acare_msgs/include/acare_msgs/acare_msgs/msg/detail/auth_result__rosidl_typesupport_fastrtps_cpp.hpp
[15.715s] -- Symlinking: /home/shreevanth-m/acare_demo_ws/src/acaresim_final/acaresim/install/acare_msgs/include/acare_msgs/acare_msgs/msg/detail/emergency_signal__rosidl_typesupport_fastrtps_cpp.hpp
[15.725s] -- Symlinking: /home/shreevanth-m/acare_demo_ws/src/acaresim_final/acaresim/install/acare_msgs/include/acare_msgs/acare_msgs/msg/detail/gripper_command__rosidl_typesupport_fastrtps_cpp.hpp
[15.737s] -- Symlinking: /home/shreevanth-m/acare_demo_ws/src/acaresim_final/acaresim/install/acare_msgs/include/acare_msgs/acare_msgs/msg/detail/hand_status__rosidl_typesupport_fastrtps_cpp.hpp
[15.747s] -- Symlinking: /home/shreevanth-m/acare_demo_ws/src/acaresim_final/acaresim/install/acare_msgs/include/acare_msgs/acare_msgs/msg/detail/intent__rosidl_typesupport_fastrtps_cpp.hpp
[15.758s] -- Symlinking: /home/shreevanth-m/acare_demo_ws/src/acaresim_final/acaresim/install/acare_msgs/include/acare_msgs/acare_msgs/msg/detail/log_event__rosidl_typesupport_fastrtps_cpp.hpp
[15.772s] -- Symlinking: /home/shreevanth-m/acare_demo_ws/src/acaresim_final/acaresim/install/acare_msgs/include/acare_msgs/acare_msgs/msg/detail/motion_feedback__rosidl_typesupport_fastrtps_cpp.hpp
[15.784s] -- Symlinking: /home/shreevanth-m/acare_demo_ws/src/acaresim_final/acaresim/install/acare_msgs/include/acare_msgs/acare_msgs/msg/detail/robot_state__rosidl_typesupport_fastrtps_cpp.hpp
[15.795s] -- Symlinking: /home/shreevanth-m/acare_demo_ws/src/acaresim_final/acaresim/install/acare_msgs/include/acare_msgs/acare_msgs/msg/detail/safety_alert__rosidl_typesupport_fastrtps_cpp.hpp
[15.805s] -- Symlinking: /home/shreevanth-m/acare_demo_ws/src/acaresim_final/acaresim/install/acare_msgs/include/acare_msgs/acare_msgs/msg/detail/state_transition__rosidl_typesupport_fastrtps_cpp.hpp
[15.815s] -- Symlinking: /home/shreevanth-m/acare_demo_ws/src/acaresim_final/acaresim/install/acare_msgs/include/acare_msgs/acare_msgs/msg/detail/validated_intent__rosidl_typesupport_fastrtps_cpp.hpp
[15.826s] -- Symlinking: /home/shreevanth-m/acare_demo_ws/src/acaresim_final/acaresim/install/acare_msgs/include/acare_msgs/acare_msgs/msg/detail/vision_result__rosidl_typesupport_fastrtps_cpp.hpp
[15.838s] -- Symlinking: /home/shreevanth-m/acare_demo_ws/src/acaresim_final/acaresim/install/acare_msgs/include/acare_msgs/acare_msgs/msg/detail/vision_search_request__rosidl_typesupport_fastrtps_cpp.hpp
[15.849s] -- Symlinking: /home/shreevanth-m/acare_demo_ws/src/acaresim_final/acaresim/install/acare_msgs/include/acare_msgs/acare_msgs/msg/rosidl_typesupport_fastrtps_cpp__visibility_control.h
[15.860s] -- Symlinking: /home/shreevanth-m/acare_demo_ws/src/acaresim_final/acaresim/install/acare_msgs/include/acare_msgs/acare_msgs/srv/detail/enrol_staff__rosidl_typesupport_fastrtps_cpp.hpp
[15.873s] -- Symlinking: /home/shreevanth-m/acare_demo_ws/src/acaresim_final/acaresim/install/acare_msgs/include/acare_msgs/acare_msgs/msg/detail/arm_command__rosidl_typesupport_introspection_cpp.hpp
[15.884s] -- Symlinking: /home/shreevanth-m/acare_demo_ws/src/acaresim_final/acaresim/install/acare_msgs/include/acare_msgs/acare_msgs/msg/detail/auth_result__rosidl_typesupport_introspection_cpp.hpp
[15.895s] -- Symlinking: /home/shreevanth-m/acare_demo_ws/src/acaresim_final/acaresim/install/acare_msgs/include/acare_msgs/acare_msgs/msg/detail/emergency_signal__rosidl_typesupport_introspection_cpp.hpp
[15.907s] -- Symlinking: /home/shreevanth-m/acare_demo_ws/src/acaresim_final/acaresim/install/acare_msgs/include/acare_msgs/acare_msgs/msg/detail/gripper_command__rosidl_typesupport_introspection_cpp.hpp
[15.921s] -- Symlinking: /home/shreevanth-m/acare_demo_ws/src/acaresim_final/acaresim/install/acare_msgs/include/acare_msgs/acare_msgs/msg/detail/hand_status__rosidl_typesupport_introspection_cpp.hpp
[15.933s] -- Symlinking: /home/shreevanth-m/acare_demo_ws/src/acaresim_final/acaresim/install/acare_msgs/include/acare_msgs/acare_msgs/msg/detail/intent__rosidl_typesupport_introspection_cpp.hpp
[15.944s] -- Symlinking: /home/shreevanth-m/acare_demo_ws/src/acaresim_final/acaresim/install/acare_msgs/include/acare_msgs/acare_msgs/msg/detail/log_event__rosidl_typesupport_introspection_cpp.hpp
[15.955s] -- Symlinking: /home/shreevanth-m/acare_demo_ws/src/acaresim_final/acaresim/install/acare_msgs/include/acare_msgs/acare_msgs/msg/detail/motion_feedback__rosidl_typesupport_introspection_cpp.hpp
[15.968s] -- Symlinking: /home/shreevanth-m/acare_demo_ws/src/acaresim_final/acaresim/install/acare_msgs/include/acare_msgs/acare_msgs/msg/detail/robot_state__rosidl_typesupport_introspection_cpp.hpp
[15.980s] -- Symlinking: /home/shreevanth-m/acare_demo_ws/src/acaresim_final/acaresim/install/acare_msgs/include/acare_msgs/acare_msgs/msg/detail/safety_alert__rosidl_typesupport_introspection_cpp.hpp
[15.992s] -- Symlinking: /home/shreevanth-m/acare_demo_ws/src/acaresim_final/acaresim/install/acare_msgs/include/acare_msgs/acare_msgs/msg/detail/state_transition__rosidl_typesupport_introspection_cpp.hpp
[16.002s] -- Symlinking: /home/shreevanth-m/acare_demo_ws/src/acaresim_final/acaresim/install/acare_msgs/include/acare_msgs/acare_msgs/msg/detail/validated_intent__rosidl_typesupport_introspection_cpp.hpp
[16.012s] -- Symlinking: /home/shreevanth-m/acare_demo_ws/src/acaresim_final/acaresim/install/acare_msgs/include/acare_msgs/acare_msgs/msg/detail/vision_result__rosidl_typesupport_introspection_cpp.hpp
[16.023s] -- Symlinking: /home/shreevanth-m/acare_demo_ws/src/acaresim_final/acaresim/install/acare_msgs/include/acare_msgs/acare_msgs/msg/detail/vision_search_request__rosidl_typesupport_introspection_cpp.hpp
[16.034s] -- Symlinking: /home/shreevanth-m/acare_demo_ws/src/acaresim_final/acaresim/install/acare_msgs/include/acare_msgs/acare_msgs/srv/detail/enrol_staff__rosidl_typesupport_introspection_cpp.hpp
[16.045s] -- Symlinking: /home/shreevanth-m/acare_demo_ws/src/acaresim_final/acaresim/install/acare_msgs/share/acare_msgs/environment/pythonpath.sh
[16.059s] -- Symlinking: /home/shreevanth-m/acare_demo_ws/src/acaresim_final/acaresim/install/acare_msgs/share/acare_msgs/environment/pythonpath.dsv
[16.072s] -- Symlinking: /home/shreevanth-m/acare_demo_ws/src/acaresim_final/acaresim/install/acare_msgs/lib/python3.12/site-packages/acare_msgs-0.0.0-py3.12.egg-info/PKG-INFO
[16.084s] -- Symlinking: /home/shreevanth-m/acare_demo_ws/src/acaresim_final/acaresim/install/acare_msgs/lib/python3.12/site-packages/acare_msgs-0.0.0-py3.12.egg-info/SOURCES.txt
[16.097s] -- Symlinking: /home/shreevanth-m/acare_demo_ws/src/acaresim_final/acaresim/install/acare_msgs/lib/python3.12/site-packages/acare_msgs-0.0.0-py3.12.egg-info/dependency_links.txt
[16.109s] -- Symlinking: /home/shreevanth-m/acare_demo_ws/src/acaresim_final/acaresim/install/acare_msgs/lib/python3.12/site-packages/acare_msgs-0.0.0-py3.12.egg-info/top_level.txt
[16.126s] -- Symlinking: /home/shreevanth-m/acare_demo_ws/src/acaresim_final/acaresim/install/acare_msgs/lib/python3.12/site-packages/acare_msgs/__init__.py
[16.142s] -- Symlinking: /home/shreevanth-m/acare_demo_ws/src/acaresim_final/acaresim/install/acare_msgs/lib/python3.12/site-packages/acare_msgs/_acare_msgs_s.ep.rosidl_typesupport_c.c
[16.162s] -- Symlinking: /home/shreevanth-m/acare_demo_ws/src/acaresim_final/acaresim/install/acare_msgs/lib/python3.12/site-packages/acare_msgs/_acare_msgs_s.ep.rosidl_typesupport_fastrtps_c.c
[16.178s] -- Symlinking: /home/shreevanth-m/acare_demo_ws/src/acaresim_final/acaresim/install/acare_msgs/lib/python3.12/site-packages/acare_msgs/_acare_msgs_s.ep.rosidl_typesupport_introspection_c.c
[16.196s] -- Symlinking: /home/shreevanth-m/acare_demo_ws/src/acaresim_final/acaresim/install/acare_msgs/lib/python3.12/site-packages/acare_msgs/acare_msgs_s__rosidl_typesupport_c.so
[16.214s] -- Symlinking: /home/shreevanth-m/acare_demo_ws/src/acaresim_final/acaresim/install/acare_msgs/lib/python3.12/site-packages/acare_msgs/acare_msgs_s__rosidl_typesupport_fastrtps_c.so
[16.233s] -- Symlinking: /home/shreevanth-m/acare_demo_ws/src/acaresim_final/acaresim/install/acare_msgs/lib/python3.12/site-packages/acare_msgs/acare_msgs_s__rosidl_typesupport_introspection_c.so
[16.249s] -- Symlinking: /home/shreevanth-m/acare_demo_ws/src/acaresim_final/acaresim/install/acare_msgs/lib/python3.12/site-packages/acare_msgs/msg/__init__.py
[16.263s] -- Symlinking: /home/shreevanth-m/acare_demo_ws/src/acaresim_final/acaresim/install/acare_msgs/lib/python3.12/site-packages/acare_msgs/msg/_arm_command.py
[16.277s] -- Symlinking: /home/shreevanth-m/acare_demo_ws/src/acaresim_final/acaresim/install/acare_msgs/lib/python3.12/site-packages/acare_msgs/msg/_arm_command_s.c
[16.291s] -- Symlinking: /home/shreevanth-m/acare_demo_ws/src/acaresim_final/acaresim/install/acare_msgs/lib/python3.12/site-packages/acare_msgs/msg/_auth_result.py
[16.305s] -- Symlinking: /home/shreevanth-m/acare_demo_ws/src/acaresim_final/acaresim/install/acare_msgs/lib/python3.12/site-packages/acare_msgs/msg/_auth_result_s.c
[16.320s] -- Symlinking: /home/shreevanth-m/acare_demo_ws/src/acaresim_final/acaresim/install/acare_msgs/lib/python3.12/site-packages/acare_msgs/msg/_emergency_signal.py
[16.335s] -- Symlinking: /home/shreevanth-m/acare_demo_ws/src/acaresim_final/acaresim/install/acare_msgs/lib/python3.12/site-packages/acare_msgs/msg/_emergency_signal_s.c
[16.349s] -- Symlinking: /home/shreevanth-m/acare_demo_ws/src/acaresim_final/acaresim/install/acare_msgs/lib/python3.12/site-packages/acare_msgs/msg/_gripper_command.py
[16.368s] -- Symlinking: /home/shreevanth-m/acare_demo_ws/src/acaresim_final/acaresim/install/acare_msgs/lib/python3.12/site-packages/acare_msgs/msg/_gripper_command_s.c
[16.382s] -- Symlinking: /home/shreevanth-m/acare_demo_ws/src/acaresim_final/acaresim/install/acare_msgs/lib/python3.12/site-packages/acare_msgs/msg/_hand_status.py
[16.399s] -- Symlinking: /home/shreevanth-m/acare_demo_ws/src/acaresim_final/acaresim/install/acare_msgs/lib/python3.12/site-packages/acare_msgs/msg/_hand_status_s.c
[16.415s] -- Symlinking: /home/shreevanth-m/acare_demo_ws/src/acaresim_final/acaresim/install/acare_msgs/lib/python3.12/site-packages/acare_msgs/msg/_intent.py
[16.430s] -- Symlinking: /home/shreevanth-m/acare_demo_ws/src/acaresim_final/acaresim/install/acare_msgs/lib/python3.12/site-packages/acare_msgs/msg/_intent_s.c
[16.446s] -- Symlinking: /home/shreevanth-m/acare_demo_ws/src/acaresim_final/acaresim/install/acare_msgs/lib/python3.12/site-packages/acare_msgs/msg/_log_event.py
[16.467s] -- Symlinking: /home/shreevanth-m/acare_demo_ws/src/acaresim_final/acaresim/install/acare_msgs/lib/python3.12/site-packages/acare_msgs/msg/_log_event_s.c
[16.485s] -- Symlinking: /home/shreevanth-m/acare_demo_ws/src/acaresim_final/acaresim/install/acare_msgs/lib/python3.12/site-packages/acare_msgs/msg/_motion_feedback.py
[16.497s] -- Symlinking: /home/shreevanth-m/acare_demo_ws/src/acaresim_final/acaresim/install/acare_msgs/lib/python3.12/site-packages/acare_msgs/msg/_motion_feedback_s.c
[16.515s] -- Symlinking: /home/shreevanth-m/acare_demo_ws/src/acaresim_final/acaresim/install/acare_msgs/lib/python3.12/site-packages/acare_msgs/msg/_robot_state.py
[16.530s] -- Symlinking: /home/shreevanth-m/acare_demo_ws/src/acaresim_final/acaresim/install/acare_msgs/lib/python3.12/site-packages/acare_msgs/msg/_robot_state_s.c
[16.544s] -- Symlinking: /home/shreevanth-m/acare_demo_ws/src/acaresim_final/acaresim/install/acare_msgs/lib/python3.12/site-packages/acare_msgs/msg/_safety_alert.py
[16.558s] -- Symlinking: /home/shreevanth-m/acare_demo_ws/src/acaresim_final/acaresim/install/acare_msgs/lib/python3.12/site-packages/acare_msgs/msg/_safety_alert_s.c
[16.573s] -- Symlinking: /home/shreevanth-m/acare_demo_ws/src/acaresim_final/acaresim/install/acare_msgs/lib/python3.12/site-packages/acare_msgs/msg/_state_transition.py
[16.587s] -- Symlinking: /home/shreevanth-m/acare_demo_ws/src/acaresim_final/acaresim/install/acare_msgs/lib/python3.12/site-packages/acare_msgs/msg/_state_transition_s.c
[16.603s] -- Symlinking: /home/shreevanth-m/acare_demo_ws/src/acaresim_final/acaresim/install/acare_msgs/lib/python3.12/site-packages/acare_msgs/msg/_validated_intent.py
[16.617s] -- Symlinking: /home/shreevanth-m/acare_demo_ws/src/acaresim_final/acaresim/install/acare_msgs/lib/python3.12/site-packages/acare_msgs/msg/_validated_intent_s.c
[16.631s] -- Symlinking: /home/shreevanth-m/acare_demo_ws/src/acaresim_final/acaresim/install/acare_msgs/lib/python3.12/site-packages/acare_msgs/msg/_vision_result.py
[16.646s] -- Symlinking: /home/shreevanth-m/acare_demo_ws/src/acaresim_final/acaresim/install/acare_msgs/lib/python3.12/site-packages/acare_msgs/msg/_vision_result_s.c
[16.661s] -- Symlinking: /home/shreevanth-m/acare_demo_ws/src/acaresim_final/acaresim/install/acare_msgs/lib/python3.12/site-packages/acare_msgs/msg/_vision_search_request.py
[16.676s] -- Symlinking: /home/shreevanth-m/acare_demo_ws/src/acaresim_final/acaresim/install/acare_msgs/lib/python3.12/site-packages/acare_msgs/msg/_vision_search_request_s.c
[16.691s] -- Symlinking: /home/shreevanth-m/acare_demo_ws/src/acaresim_final/acaresim/install/acare_msgs/lib/python3.12/site-packages/acare_msgs/srv/__init__.py
[16.709s] -- Symlinking: /home/shreevanth-m/acare_demo_ws/src/acaresim_final/acaresim/install/acare_msgs/lib/python3.12/site-packages/acare_msgs/srv/_enrol_staff.py
[16.725s] -- Symlinking: /home/shreevanth-m/acare_demo_ws/src/acaresim_final/acaresim/install/acare_msgs/lib/python3.12/site-packages/acare_msgs/srv/_enrol_staff_s.c
[16.740s] -- Up-to-date symlink: /home/shreevanth-m/acare_demo_ws/src/acaresim_final/acaresim/install/acare_msgs/lib/python3.12/site-packages/acare_msgs/acare_msgs_s__rosidl_typesupport_fastrtps_c.so
[16.740s] -- Up-to-date symlink: /home/shreevanth-m/acare_demo_ws/src/acaresim_final/acaresim/install/acare_msgs/lib/python3.12/site-packages/acare_msgs/acare_msgs_s__rosidl_typesupport_introspection_c.so
[16.741s] -- Up-to-date symlink: /home/shreevanth-m/acare_demo_ws/src/acaresim_final/acaresim/install/acare_msgs/lib/python3.12/site-packages/acare_msgs/acare_msgs_s__rosidl_typesupport_c.so
[16.741s] -- Symlinking: /home/shreevanth-m/acare_demo_ws/src/acaresim_final/acaresim/install/acare_msgs/share/ament_index/resource_index/rust_packages/acare_msgs
[16.761s] -- Symlinking: /home/shreevanth-m/acare_demo_ws/src/acaresim_final/acaresim/install/acare_msgs/share/acare_msgs/rust/Cargo.toml
[16.777s] -- Symlinking: /home/shreevanth-m/acare_demo_ws/src/acaresim_final/acaresim/install/acare_msgs/share/acare_msgs/rust/build.rs
[16.796s] -- Symlinking: /home/shreevanth-m/acare_demo_ws/src/acaresim_final/acaresim/install/acare_msgs/share/acare_msgs/rust/src/lib.rs
[16.812s] -- Symlinking: /home/shreevanth-m/acare_demo_ws/src/acaresim_final/acaresim/install/acare_msgs/share/acare_msgs/rust/src/msg.rs
[16.830s] -- Symlinking: /home/shreevanth-m/acare_demo_ws/src/acaresim_final/acaresim/install/acare_msgs/share/acare_msgs/rust/src/msg/rmw.rs
[16.846s] -- Symlinking: /home/shreevanth-m/acare_demo_ws/src/acaresim_final/acaresim/install/acare_msgs/share/acare_msgs/rust/src/srv.rs
[16.861s] -- Symlinking: /home/shreevanth-m/acare_demo_ws/src/acaresim_final/acaresim/install/acare_msgs/share/acare_msgs/rust/src/srv/rmw.rs
[16.878s] -- Symlinking: /home/shreevanth-m/acare_demo_ws/src/acaresim_final/acaresim/install/acare_msgs/share/acare_msgs/msg/RobotState.idl
[16.897s] -- Symlinking: /home/shreevanth-m/acare_demo_ws/src/acaresim_final/acaresim/install/acare_msgs/share/acare_msgs/msg/StateTransition.idl
[16.916s] -- Symlinking: /home/shreevanth-m/acare_demo_ws/src/acaresim_final/acaresim/install/acare_msgs/share/acare_msgs/msg/Intent.idl
[16.934s] -- Symlinking: /home/shreevanth-m/acare_demo_ws/src/acaresim_final/acaresim/install/acare_msgs/share/acare_msgs/msg/ValidatedIntent.idl
[16.950s] -- Symlinking: /home/shreevanth-m/acare_demo_ws/src/acaresim_final/acaresim/install/acare_msgs/share/acare_msgs/msg/SafetyAlert.idl
[16.967s] -- Symlinking: /home/shreevanth-m/acare_demo_ws/src/acaresim_final/acaresim/install/acare_msgs/share/acare_msgs/msg/HandStatus.idl
[16.984s] -- Symlinking: /home/shreevanth-m/acare_demo_ws/src/acaresim_final/acaresim/install/acare_msgs/share/acare_msgs/msg/AuthResult.idl
[17.001s] -- Symlinking: /home/shreevanth-m/acare_demo_ws/src/acaresim_final/acaresim/install/acare_msgs/share/acare_msgs/msg/VisionResult.idl
[17.019s] -- Symlinking: /home/shreevanth-m/acare_demo_ws/src/acaresim_final/acaresim/install/acare_msgs/share/acare_msgs/msg/VisionSearchRequest.idl
[17.035s] -- Symlinking: /home/shreevanth-m/acare_demo_ws/src/acaresim_final/acaresim/install/acare_msgs/share/acare_msgs/msg/ArmCommand.idl
[17.054s] -- Symlinking: /home/shreevanth-m/acare_demo_ws/src/acaresim_final/acaresim/install/acare_msgs/share/acare_msgs/msg/GripperCommand.idl
[17.070s] -- Symlinking: /home/shreevanth-m/acare_demo_ws/src/acaresim_final/acaresim/install/acare_msgs/share/acare_msgs/msg/MotionFeedback.idl
[17.086s] -- Symlinking: /home/shreevanth-m/acare_demo_ws/src/acaresim_final/acaresim/install/acare_msgs/share/acare_msgs/msg/LogEvent.idl
[17.103s] -- Symlinking: /home/shreevanth-m/acare_demo_ws/src/acaresim_final/acaresim/install/acare_msgs/share/acare_msgs/msg/EmergencySignal.idl
[17.120s] -- Symlinking: /home/shreevanth-m/acare_demo_ws/src/acaresim_final/acaresim/install/acare_msgs/share/acare_msgs/srv/EnrolStaff.idl
[17.134s] -- Symlinking: /home/shreevanth-m/acare_demo_ws/src/acaresim_final/acaresim/install/acare_msgs/share/acare_msgs/msg/RobotState.msg
[17.147s] -- Symlinking: /home/shreevanth-m/acare_demo_ws/src/acaresim_final/acaresim/install/acare_msgs/share/acare_msgs/msg/StateTransition.msg
[17.160s] -- Symlinking: /home/shreevanth-m/acare_demo_ws/src/acaresim_final/acaresim/install/acare_msgs/share/acare_msgs/msg/Intent.msg
[17.174s] -- Symlinking: /home/shreevanth-m/acare_demo_ws/src/acaresim_final/acaresim/install/acare_msgs/share/acare_msgs/msg/ValidatedIntent.msg
[17.190s] -- Symlinking: /home/shreevanth-m/acare_demo_ws/src/acaresim_final/acaresim/install/acare_msgs/share/acare_msgs/msg/SafetyAlert.msg
[17.205s] -- Symlinking: /home/shreevanth-m/acare_demo_ws/src/acaresim_final/acaresim/install/acare_msgs/share/acare_msgs/msg/HandStatus.msg
[17.220s] -- Symlinking: /home/shreevanth-m/acare_demo_ws/src/acaresim_final/acaresim/install/acare_msgs/share/acare_msgs/msg/AuthResult.msg
[17.240s] -- Symlinking: /home/shreevanth-m/acare_demo_ws/src/acaresim_final/acaresim/install/acare_msgs/share/acare_msgs/msg/VisionResult.msg
[17.257s] -- Symlinking: /home/shreevanth-m/acare_demo_ws/src/acaresim_final/acaresim/install/acare_msgs/share/acare_msgs/msg/VisionSearchRequest.msg
[17.277s] -- Symlinking: /home/shreevanth-m/acare_demo_ws/src/acaresim_final/acaresim/install/acare_msgs/share/acare_msgs/msg/ArmCommand.msg
[17.294s] -- Symlinking: /home/shreevanth-m/acare_demo_ws/src/acaresim_final/acaresim/install/acare_msgs/share/acare_msgs/msg/GripperCommand.msg
[17.310s] -- Symlinking: /home/shreevanth-m/acare_demo_ws/src/acaresim_final/acaresim/install/acare_msgs/share/acare_msgs/msg/MotionFeedback.msg
[17.325s] -- Symlinking: /home/shreevanth-m/acare_demo_ws/src/acaresim_final/acaresim/install/acare_msgs/share/acare_msgs/msg/LogEvent.msg
[17.339s] -- Symlinking: /home/shreevanth-m/acare_demo_ws/src/acaresim_final/acaresim/install/acare_msgs/share/acare_msgs/msg/EmergencySignal.msg
[17.354s] -- Symlinking: /home/shreevanth-m/acare_demo_ws/src/acaresim_final/acaresim/install/acare_msgs/share/acare_msgs/srv/EnrolStaff.srv
[17.370s] -- Symlinking: /home/shreevanth-m/acare_demo_ws/src/acaresim_final/acaresim/install/acare_msgs/share/ament_index/resource_index/package_run_dependencies/acare_msgs
[17.387s] -- Symlinking: /home/shreevanth-m/acare_demo_ws/src/acaresim_final/acaresim/install/acare_msgs/share/ament_index/resource_index/parent_prefix_path/acare_msgs
[17.404s] -- Symlinking: /home/shreevanth-m/acare_demo_ws/src/acaresim_final/acaresim/install/acare_msgs/share/acare_msgs/environment/ament_prefix_path.sh
[17.421s] -- Symlinking: /home/shreevanth-m/acare_demo_ws/src/acaresim_final/acaresim/install/acare_msgs/share/acare_msgs/environment/ament_prefix_path.dsv
[17.437s] -- Symlinking: /home/shreevanth-m/acare_demo_ws/src/acaresim_final/acaresim/install/acare_msgs/share/acare_msgs/environment/path.sh
[17.455s] -- Symlinking: /home/shreevanth-m/acare_demo_ws/src/acaresim_final/acaresim/install/acare_msgs/share/acare_msgs/environment/path.dsv
[17.473s] -- Symlinking: /home/shreevanth-m/acare_demo_ws/src/acaresim_final/acaresim/install/acare_msgs/share/acare_msgs/local_setup.bash
[17.489s] -- Symlinking: /home/shreevanth-m/acare_demo_ws/src/acaresim_final/acaresim/install/acare_msgs/share/acare_msgs/local_setup.sh
[17.506s] -- Symlinking: /home/shreevanth-m/acare_demo_ws/src/acaresim_final/acaresim/install/acare_msgs/share/acare_msgs/local_setup.zsh
[17.522s] -- Symlinking: /home/shreevanth-m/acare_demo_ws/src/acaresim_final/acaresim/install/acare_msgs/share/acare_msgs/local_setup.dsv
[17.540s] -- Symlinking: /home/shreevanth-m/acare_demo_ws/src/acaresim_final/acaresim/install/acare_msgs/share/acare_msgs/package.dsv
[17.554s] -- Symlinking: /home/shreevanth-m/acare_demo_ws/src/acaresim_final/acaresim/install/acare_msgs/share/ament_index/resource_index/packages/acare_msgs
[17.567s] -- Symlinking: /home/shreevanth-m/acare_demo_ws/src/acaresim_final/acaresim/install/acare_msgs/share/acare_msgs/cmake/rosidl_cmake-extras.cmake
[17.582s] -- Symlinking: /home/shreevanth-m/acare_demo_ws/src/acaresim_final/acaresim/install/acare_msgs/share/acare_msgs/cmake/ament_cmake_export_dependencies-extras.cmake
[17.594s] -- Symlinking: /home/shreevanth-m/acare_demo_ws/src/acaresim_final/acaresim/install/acare_msgs/share/acare_msgs/cmake/ament_cmake_export_include_directories-extras.cmake
[17.605s] -- Symlinking: /home/shreevanth-m/acare_demo_ws/src/acaresim_final/acaresim/install/acare_msgs/share/acare_msgs/cmake/ament_cmake_export_libraries-extras.cmake
[17.617s] -- Symlinking: /home/shreevanth-m/acare_demo_ws/src/acaresim_final/acaresim/install/acare_msgs/share/acare_msgs/cmake/ament_cmake_export_targets-extras.cmake
[17.627s] -- Symlinking: /home/shreevanth-m/acare_demo_ws/src/acaresim_final/acaresim/install/acare_msgs/share/acare_msgs/cmake/rosidl_cmake_export_typesupport_targets-extras.cmake
[17.638s] -- Symlinking: /home/shreevanth-m/acare_demo_ws/src/acaresim_final/acaresim/install/acare_msgs/share/acare_msgs/cmake/rosidl_cmake_export_typesupport_libraries-extras.cmake
[17.649s] -- Symlinking: /home/shreevanth-m/acare_demo_ws/src/acaresim_final/acaresim/install/acare_msgs/share/acare_msgs/cmake/acare_msgsConfig.cmake
[17.661s] -- Symlinking: /home/shreevanth-m/acare_demo_ws/src/acaresim_final/acaresim/install/acare_msgs/share/acare_msgs/cmake/acare_msgsConfig-version.cmake
[17.673s] -- Symlinking: /home/shreevanth-m/acare_demo_ws/src/acaresim_final/acaresim/install/acare_msgs/share/acare_msgs/package.xml
[17.686s] -- Installing: /home/shreevanth-m/acare_demo_ws/src/acaresim_final/acaresim/install/acare_msgs/lib/libacare_msgs__rosidl_generator_c.so
[17.686s] -- Set non-toolchain portion of runtime path of "/home/shreevanth-m/acare_demo_ws/src/acaresim_final/acaresim/install/acare_msgs/lib/libacare_msgs__rosidl_generator_c.so" to ""
[17.686s] -- Installing: /home/shreevanth-m/acare_demo_ws/src/acaresim_final/acaresim/install/acare_msgs/lib/libacare_msgs__rosidl_typesupport_fastrtps_c.so
[17.687s] -- Set non-toolchain portion of runtime path of "/home/shreevanth-m/acare_demo_ws/src/acaresim_final/acaresim/install/acare_msgs/lib/libacare_msgs__rosidl_typesupport_fastrtps_c.so" to ""
[17.687s] -- Installing: /home/shreevanth-m/acare_demo_ws/src/acaresim_final/acaresim/install/acare_msgs/lib/libacare_msgs__rosidl_typesupport_introspection_c.so
[17.687s] -- Set non-toolchain portion of runtime path of "/home/shreevanth-m/acare_demo_ws/src/acaresim_final/acaresim/install/acare_msgs/lib/libacare_msgs__rosidl_typesupport_introspection_c.so" to ""
[17.687s] -- Installing: /home/shreevanth-m/acare_demo_ws/src/acaresim_final/acaresim/install/acare_msgs/lib/libacare_msgs__rosidl_typesupport_c.so
[17.687s] -- Set non-toolchain portion of runtime path of "/home/shreevanth-m/acare_demo_ws/src/acaresim_final/acaresim/install/acare_msgs/lib/libacare_msgs__rosidl_typesupport_c.so" to ""
[17.688s] -- Installing: /home/shreevanth-m/acare_demo_ws/src/acaresim_final/acaresim/install/acare_msgs/lib/libacare_msgs__rosidl_typesupport_fastrtps_cpp.so
[17.688s] -- Set non-toolchain portion of runtime path of "/home/shreevanth-m/acare_demo_ws/src/acaresim_final/acaresim/install/acare_msgs/lib/libacare_msgs__rosidl_typesupport_fastrtps_cpp.so" to ""
[17.688s] -- Installing: /home/shreevanth-m/acare_demo_ws/src/acaresim_final/acaresim/install/acare_msgs/lib/libacare_msgs__rosidl_typesupport_introspection_cpp.so
[17.688s] -- Set non-toolchain portion of runtime path of "/home/shreevanth-m/acare_demo_ws/src/acaresim_final/acaresim/install/acare_msgs/lib/libacare_msgs__rosidl_typesupport_introspection_cpp.so" to ""
[17.688s] -- Installing: /home/shreevanth-m/acare_demo_ws/src/acaresim_final/acaresim/install/acare_msgs/lib/libacare_msgs__rosidl_typesupport_cpp.so
[17.689s] -- Set non-toolchain portion of runtime path of "/home/shreevanth-m/acare_demo_ws/src/acaresim_final/acaresim/install/acare_msgs/lib/libacare_msgs__rosidl_typesupport_cpp.so" to ""
[17.769s] Listing '/home/shreevanth-m/acare_demo_ws/src/acaresim_final/acaresim/install/acare_msgs/lib/python3.12/site-packages/acare_msgs'...
[17.769s] Compiling '/home/shreevanth-m/acare_demo_ws/src/acaresim_final/acaresim/install/acare_msgs/lib/python3.12/site-packages/acare_msgs/__init__.py'...
[17.769s] Listing '/home/shreevanth-m/acare_demo_ws/src/acaresim_final/acaresim/install/acare_msgs/lib/python3.12/site-packages/acare_msgs/msg'...
[17.769s] Compiling '/home/shreevanth-m/acare_demo_ws/src/acaresim_final/acaresim/install/acare_msgs/lib/python3.12/site-packages/acare_msgs/msg/__init__.py'...
[17.769s] Compiling '/home/shreevanth-m/acare_demo_ws/src/acaresim_final/acaresim/install/acare_msgs/lib/python3.12/site-packages/acare_msgs/msg/_arm_command.py'...
[17.769s] Compiling '/home/shreevanth-m/acare_demo_ws/src/acaresim_final/acaresim/install/acare_msgs/lib/python3.12/site-packages/acare_msgs/msg/_auth_result.py'...
[17.769s] Compiling '/home/shreevanth-m/acare_demo_ws/src/acaresim_final/acaresim/install/acare_msgs/lib/python3.12/site-packages/acare_msgs/msg/_emergency_signal.py'...
[17.769s] Compiling '/home/shreevanth-m/acare_demo_ws/src/acaresim_final/acaresim/install/acare_msgs/lib/python3.12/site-packages/acare_msgs/msg/_gripper_command.py'...
[17.770s] Compiling '/home/shreevanth-m/acare_demo_ws/src/acaresim_final/acaresim/install/acare_msgs/lib/python3.12/site-packages/acare_msgs/msg/_hand_status.py'...
[17.770s] Compiling '/home/shreevanth-m/acare_demo_ws/src/acaresim_final/acaresim/install/acare_msgs/lib/python3.12/site-packages/acare_msgs/msg/_intent.py'...
[17.770s] Compiling '/home/shreevanth-m/acare_demo_ws/src/acaresim_final/acaresim/install/acare_msgs/lib/python3.12/site-packages/acare_msgs/msg/_log_event.py'...
[17.770s] Compiling '/home/shreevanth-m/acare_demo_ws/src/acaresim_final/acaresim/install/acare_msgs/lib/python3.12/site-packages/acare_msgs/msg/_motion_feedback.py'...
[17.770s] Compiling '/home/shreevanth-m/acare_demo_ws/src/acaresim_final/acaresim/install/acare_msgs/lib/python3.12/site-packages/acare_msgs/msg/_robot_state.py'...
[17.770s] Compiling '/home/shreevanth-m/acare_demo_ws/src/acaresim_final/acaresim/install/acare_msgs/lib/python3.12/site-packages/acare_msgs/msg/_safety_alert.py'...
[17.770s] Compiling '/home/shreevanth-m/acare_demo_ws/src/acaresim_final/acaresim/install/acare_msgs/lib/python3.12/site-packages/acare_msgs/msg/_state_transition.py'...
[17.770s] Compiling '/home/shreevanth-m/acare_demo_ws/src/acaresim_final/acaresim/install/acare_msgs/lib/python3.12/site-packages/acare_msgs/msg/_validated_intent.py'...
[17.770s] Compiling '/home/shreevanth-m/acare_demo_ws/src/acaresim_final/acaresim/install/acare_msgs/lib/python3.12/site-packages/acare_msgs/msg/_vision_result.py'...
[17.770s] Compiling '/home/shreevanth-m/acare_demo_ws/src/acaresim_final/acaresim/install/acare_msgs/lib/python3.12/site-packages/acare_msgs/msg/_vision_search_request.py'...
[17.770s] Listing '/home/shreevanth-m/acare_demo_ws/src/acaresim_final/acaresim/install/acare_msgs/lib/python3.12/site-packages/acare_msgs/srv'...
[17.770s] Compiling '/home/shreevanth-m/acare_demo_ws/src/acaresim_final/acaresim/install/acare_msgs/lib/python3.12/site-packages/acare_msgs/srv/__init__.py'...
[17.770s] Compiling '/home/shreevanth-m/acare_demo_ws/src/acaresim_final/acaresim/install/acare_msgs/lib/python3.12/site-packages/acare_msgs/srv/_enrol_staff.py'...
[17.776s] -- Installing: /home/shreevanth-m/acare_demo_ws/src/acaresim_final/acaresim/install/acare_msgs/lib/libacare_msgs__rosidl_generator_py.so
[17.777s] -- Set non-toolchain portion of runtime path of "/home/shreevanth-m/acare_demo_ws/src/acaresim_final/acaresim/install/acare_msgs/lib/libacare_msgs__rosidl_generator_py.so" to ""
[17.777s] -- Installing: /home/shreevanth-m/acare_demo_ws/src/acaresim_final/acaresim/install/acare_msgs/share/acare_msgs/cmake/export_acare_msgs__rosidl_generator_cExport.cmake
[17.777s] -- Installing: /home/shreevanth-m/acare_demo_ws/src/acaresim_final/acaresim/install/acare_msgs/share/acare_msgs/cmake/export_acare_msgs__rosidl_generator_cExport-noconfig.cmake
[17.777s] -- Installing: /home/shreevanth-m/acare_demo_ws/src/acaresim_final/acaresim/install/acare_msgs/share/acare_msgs/cmake/export_acare_msgs__rosidl_typesupport_fastrtps_cExport.cmake
[17.777s] -- Installing: /home/shreevanth-m/acare_demo_ws/src/acaresim_final/acaresim/install/acare_msgs/share/acare_msgs/cmake/export_acare_msgs__rosidl_typesupport_fastrtps_cExport-noconfig.cmake
[17.778s] -- Installing: /home/shreevanth-m/acare_demo_ws/src/acaresim_final/acaresim/install/acare_msgs/share/acare_msgs/cmake/acare_msgs__rosidl_typesupport_introspection_cExport.cmake
[17.778s] -- Installing: /home/shreevanth-m/acare_demo_ws/src/acaresim_final/acaresim/install/acare_msgs/share/acare_msgs/cmake/acare_msgs__rosidl_typesupport_introspection_cExport-noconfig.cmake
[17.778s] -- Installing: /home/shreevanth-m/acare_demo_ws/src/acaresim_final/acaresim/install/acare_msgs/share/acare_msgs/cmake/acare_msgs__rosidl_typesupport_cExport.cmake
[17.778s] -- Installing: /home/shreevanth-m/acare_demo_ws/src/acaresim_final/acaresim/install/acare_msgs/share/acare_msgs/cmake/acare_msgs__rosidl_typesupport_cExport-noconfig.cmake
[17.778s] -- Installing: /home/shreevanth-m/acare_demo_ws/src/acaresim_final/acaresim/install/acare_msgs/share/acare_msgs/cmake/export_acare_msgs__rosidl_generator_cppExport.cmake
[17.778s] -- Installing: /home/shreevanth-m/acare_demo_ws/src/acaresim_final/acaresim/install/acare_msgs/share/acare_msgs/cmake/export_acare_msgs__rosidl_typesupport_fastrtps_cppExport.cmake
[17.778s] -- Installing: /home/shreevanth-m/acare_demo_ws/src/acaresim_final/acaresim/install/acare_msgs/share/acare_msgs/cmake/export_acare_msgs__rosidl_typesupport_fastrtps_cppExport-noconfig.cmake
[17.778s] -- Installing: /home/shreevanth-m/acare_demo_ws/src/acaresim_final/acaresim/install/acare_msgs/share/acare_msgs/cmake/acare_msgs__rosidl_typesupport_introspection_cppExport.cmake
[17.778s] -- Installing: /home/shreevanth-m/acare_demo_ws/src/acaresim_final/acaresim/install/acare_msgs/share/acare_msgs/cmake/acare_msgs__rosidl_typesupport_introspection_cppExport-noconfig.cmake
[17.778s] -- Installing: /home/shreevanth-m/acare_demo_ws/src/acaresim_final/acaresim/install/acare_msgs/share/acare_msgs/cmake/acare_msgs__rosidl_typesupport_cppExport.cmake
[17.779s] -- Installing: /home/shreevanth-m/acare_demo_ws/src/acaresim_final/acaresim/install/acare_msgs/share/acare_msgs/cmake/acare_msgs__rosidl_typesupport_cppExport-noconfig.cmake
[17.779s] -- Installing: /home/shreevanth-m/acare_demo_ws/src/acaresim_final/acaresim/install/acare_msgs/share/acare_msgs/cmake/export_acare_msgs__rosidl_generator_pyExport.cmake
[17.779s] -- Installing: /home/shreevanth-m/acare_demo_ws/src/acaresim_final/acaresim/install/acare_msgs/share/acare_msgs/cmake/export_acare_msgs__rosidl_generator_pyExport-noconfig.cmake
[17.781s] Invoked command in '/home/shreevanth-m/acare_demo_ws/src/acaresim_final/acaresim/build/acare_msgs' returned '0': CMAKE_PREFIX_PATH=/home/shreevanth-m/acare_demo_ws/install/urdf_assembly_6dof_moveit_config:/home/shreevanth-m/acare_demo_ws/install/acare_msgs:/home/shreevanth-m/camera_ws/install/articubot_one:/home/shreevanth-m/acare_demo_ws/install/urdf_assembly_6dof_description:/home/shreevanth-m/camera_ws/install/camera_robot_description:/home/shreevanth-m/ros2_ws/install/urdf_assembly_6dof_description:/home/shreevanth-m/ros2_ws/install/holo_description:/home/shreevanth-m/ros2_ws/install/acare_pick_place:/opt/ros/jazzy:/home/shreevanth-m/ros2_ws/install/urdf_assembly_6dof_moveit_config:/home/shreevanth-m/ros2_ws/install/ros2_grasping:/home/shreevanth-m/ros2_ws/install/irb120_ros2_moveit2:/home/shreevanth-m/ros2_ws/install/irb120_ros2_gazebo:/home/shreevanth-m/ros2_ws/install/acare_msgs:/home/shreevanth-m/ros2_ws/install/acare_moveit_config:/opt/ros/jazzy/opt/gz_sim_vendor:/opt/ros/jazzy/opt/gz_sensors_vendor:/opt/ros/jazzy/opt/gz_physics_vendor:/opt/ros/jazzy/opt/sdformat_vendor:/opt/ros/jazzy/opt/gz_gui_vendor:/opt/ros/jazzy/opt/gz_transport_vendor:/opt/ros/jazzy/opt/gz_rendering_vendor:/opt/ros/jazzy/opt/gz_plugin_vendor:/opt/ros/jazzy/opt/gz_fuel_tools_vendor:/opt/ros/jazzy/opt/gz_msgs_vendor:/opt/ros/jazzy/opt/gz_common_vendor:/opt/ros/jazzy/opt/gz_math_vendor:/opt/ros/jazzy/opt/gz_utils_vendor:/opt/ros/jazzy/opt/gz_tools_vendor:/opt/ros/jazzy/opt/gz_ogre_next_vendor:/opt/ros/jazzy/opt/gz_dartsim_vendor:/opt/ros/jazzy/opt/gz_cmake_vendor DEBUGINFOD_URLS=https://debuginfod.ubuntu.com /usr/bin/cmake --install /home/shreevanth-m/acare_demo_ws/src/acaresim_final/acaresim/build/acare_msgs
