[0.083s] colcon DEBUG Command line arguments: ['/usr/bin/colcon', 'build', '--symlink-install']
[0.083s] colcon DEBUG Parsed command line arguments: Namespace(log_base=None, log_level=None, verb_name='build', build_base='build', install_base='install', merge_install=False, symlink_install=True, test_result_base=None, continue_on_error=False, executor='parallel', parallel_workers=16, event_handlers=None, ignore_user_meta=False, metas=['./colcon.meta'], base_paths=['.'], packages_ignore=None, packages_ignore_regex=None, paths=None, packages_up_to=None, packages_up_to_regex=None, packages_above=None, packages_above_and_dependencies=None, packages_above_depth=None, packages_select_by_dep=None, packages_skip_by_dep=None, packages_skip_up_to=None, packages_select_build_failed=False, packages_skip_build_finished=False, packages_select_test_failures=False, packages_skip_test_passed=False, packages_select=None, packages_skip=None, packages_select_regex=None, packages_skip_regex=None, packages_start=None, packages_end=None, allow_overriding=[], cmake_args=None, cmake_target=None, cmake_target_skip_unavailable=False, cmake_clean_cache=False, cmake_clean_first=False, cmake_force_configure=False, ament_cmake_args=None, catkin_cmake_args=None, catkin_skip_building_tests=False, mixin_files=None, mixin=None, verb_parser=<colcon_mixin.mixin.mixin_argument.MixinArgumentDecorator object at 0x7f8717ea40b0>, verb_extension=<colcon_core.verb.build.BuildVerb object at 0x7f8717e6b9b0>, main=<bound method BuildVerb.main of <colcon_core.verb.build.BuildVerb object at 0x7f8717e6b9b0>>, mixin_verb=('build',))
[0.111s] colcon.colcon_core.package_discovery Level 1 discover_packages(colcon_meta) check parameters
[0.111s] colcon.colcon_core.package_discovery Level 1 discover_packages(recursive) check parameters
[0.111s] colcon.colcon_core.package_discovery Level 1 discover_packages(ignore) check parameters
[0.111s] colcon.colcon_core.package_discovery Level 1 discover_packages(path) check parameters
[0.111s] colcon.colcon_core.package_discovery Level 1 discover_packages(colcon_meta) discover
[0.112s] colcon.colcon_core.package_discovery Level 1 discover_packages(recursive) discover
[0.112s] colcon.colcon_core.package_discovery INFO Crawling recursively for packages in '/home/shreevanth-m/acare_demo_ws/src/acaresim_final/acaresim'
[0.112s] colcon.colcon_core.package_identification Level 1 _identify(.) by extensions ['ignore', 'ignore_ament_install']
[0.112s] colcon.colcon_core.package_identification Level 1 _identify(.) by extension 'ignore'
[0.112s] colcon.colcon_core.package_identification Level 1 _identify(.) by extension 'ignore_ament_install'
[0.112s] colcon.colcon_core.package_identification Level 1 _identify(.) by extensions ['colcon_pkg']
[0.112s] colcon.colcon_core.package_identification Level 1 _identify(.) by extension 'colcon_pkg'
[0.112s] colcon.colcon_core.package_identification Level 1 _identify(.) by extensions ['colcon_meta']
[0.112s] colcon.colcon_core.package_identification Level 1 _identify(.) by extension 'colcon_meta'
[0.112s] colcon.colcon_core.package_identification Level 1 _identify(.) by extensions ['ros']
[0.112s] colcon.colcon_core.package_identification Level 1 _identify(.) by extension 'ros'
[0.128s] colcon.colcon_core.package_identification Level 1 _identify(.) by extensions ['cmake', 'python']
[0.128s] colcon.colcon_core.package_identification Level 1 _identify(.) by extension 'cmake'
[0.128s] colcon.colcon_core.package_identification Level 1 _identify(.) by extension 'python'
[0.128s] colcon.colcon_core.package_identification Level 1 _identify(.) by extensions ['python_setup_py']
[0.128s] colcon.colcon_core.package_identification Level 1 _identify(.) by extension 'python_setup_py'
[0.128s] colcon.colcon_core.package_identification Level 1 _identify(build) by extensions ['ignore', 'ignore_ament_install']
[0.128s] colcon.colcon_core.package_identification Level 1 _identify(build) by extension 'ignore'
[0.128s] colcon.colcon_core.package_identification Level 1 _identify(build) ignored
[0.128s] colcon.colcon_core.package_identification Level 1 _identify(config) by extensions ['ignore', 'ignore_ament_install']
[0.128s] colcon.colcon_core.package_identification Level 1 _identify(config) by extension 'ignore'
[0.129s] colcon.colcon_core.package_identification Level 1 _identify(config) by extension 'ignore_ament_install'
[0.129s] colcon.colcon_core.package_identification Level 1 _identify(config) by extensions ['colcon_pkg']
[0.129s] colcon.colcon_core.package_identification Level 1 _identify(config) by extension 'colcon_pkg'
[0.129s] colcon.colcon_core.package_identification Level 1 _identify(config) by extensions ['colcon_meta']
[0.129s] colcon.colcon_core.package_identification Level 1 _identify(config) by extension 'colcon_meta'
[0.129s] colcon.colcon_core.package_identification Level 1 _identify(config) by extensions ['ros']
[0.129s] colcon.colcon_core.package_identification Level 1 _identify(config) by extension 'ros'
[0.129s] colcon.colcon_core.package_identification Level 1 _identify(config) by extensions ['cmake', 'python']
[0.129s] colcon.colcon_core.package_identification Level 1 _identify(config) by extension 'cmake'
[0.129s] colcon.colcon_core.package_identification Level 1 _identify(config) by extension 'python'
[0.129s] colcon.colcon_core.package_identification Level 1 _identify(config) by extensions ['python_setup_py']
[0.129s] colcon.colcon_core.package_identification Level 1 _identify(config) by extension 'python_setup_py'
[0.129s] colcon.colcon_core.package_identification Level 1 _identify(install) by extensions ['ignore', 'ignore_ament_install']
[0.129s] colcon.colcon_core.package_identification Level 1 _identify(install) by extension 'ignore'
[0.129s] colcon.colcon_core.package_identification Level 1 _identify(install) ignored
[0.129s] colcon.colcon_core.package_identification Level 1 _identify(log) by extensions ['ignore', 'ignore_ament_install']
[0.129s] colcon.colcon_core.package_identification Level 1 _identify(log) by extension 'ignore'
[0.129s] colcon.colcon_core.package_identification Level 1 _identify(log) ignored
[0.129s] colcon.colcon_core.package_identification Level 1 _identify(src) by extensions ['ignore', 'ignore_ament_install']
[0.129s] colcon.colcon_core.package_identification Level 1 _identify(src) by extension 'ignore'
[0.129s] colcon.colcon_core.package_identification Level 1 _identify(src) by extension 'ignore_ament_install'
[0.129s] colcon.colcon_core.package_identification Level 1 _identify(src) by extensions ['colcon_pkg']
[0.129s] colcon.colcon_core.package_identification Level 1 _identify(src) by extension 'colcon_pkg'
[0.129s] colcon.colcon_core.package_identification Level 1 _identify(src) by extensions ['colcon_meta']
[0.129s] colcon.colcon_core.package_identification Level 1 _identify(src) by extension 'colcon_meta'
[0.129s] colcon.colcon_core.package_identification Level 1 _identify(src) by extensions ['ros']
[0.129s] colcon.colcon_core.package_identification Level 1 _identify(src) by extension 'ros'
[0.129s] colcon.colcon_core.package_identification Level 1 _identify(src) by extensions ['cmake', 'python']
[0.129s] colcon.colcon_core.package_identification Level 1 _identify(src) by extension 'cmake'
[0.129s] colcon.colcon_core.package_identification Level 1 _identify(src) by extension 'python'
[0.129s] colcon.colcon_core.package_identification Level 1 _identify(src) by extensions ['python_setup_py']
[0.129s] colcon.colcon_core.package_identification Level 1 _identify(src) by extension 'python_setup_py'
[0.129s] colcon.colcon_core.package_identification Level 1 _identify(src/acare_admin) by extensions ['ignore', 'ignore_ament_install']
[0.129s] colcon.colcon_core.package_identification Level 1 _identify(src/acare_admin) by extension 'ignore'
[0.129s] colcon.colcon_core.package_identification Level 1 _identify(src/acare_admin) by extension 'ignore_ament_install'
[0.129s] colcon.colcon_core.package_identification Level 1 _identify(src/acare_admin) by extensions ['colcon_pkg']
[0.129s] colcon.colcon_core.package_identification Level 1 _identify(src/acare_admin) by extension 'colcon_pkg'
[0.129s] colcon.colcon_core.package_identification Level 1 _identify(src/acare_admin) by extensions ['colcon_meta']
[0.129s] colcon.colcon_core.package_identification Level 1 _identify(src/acare_admin) by extension 'colcon_meta'
[0.130s] colcon.colcon_core.package_identification Level 1 _identify(src/acare_admin) by extensions ['ros']
[0.130s] colcon.colcon_core.package_identification Level 1 _identify(src/acare_admin) by extension 'ros'
[0.131s] colcon.colcon_core.package_identification DEBUG Package 'src/acare_admin' with type 'ros.ament_python' and name 'acare_admin'
[0.131s] colcon.colcon_core.package_identification Level 1 _identify(src/acare_bringup) by extensions ['ignore', 'ignore_ament_install']
[0.131s] colcon.colcon_core.package_identification Level 1 _identify(src/acare_bringup) by extension 'ignore'
[0.131s] colcon.colcon_core.package_identification Level 1 _identify(src/acare_bringup) by extension 'ignore_ament_install'
[0.131s] colcon.colcon_core.package_identification Level 1 _identify(src/acare_bringup) by extensions ['colcon_pkg']
[0.131s] colcon.colcon_core.package_identification Level 1 _identify(src/acare_bringup) by extension 'colcon_pkg'
[0.131s] colcon.colcon_core.package_identification Level 1 _identify(src/acare_bringup) by extensions ['colcon_meta']
[0.131s] colcon.colcon_core.package_identification Level 1 _identify(src/acare_bringup) by extension 'colcon_meta'
[0.131s] colcon.colcon_core.package_identification Level 1 _identify(src/acare_bringup) by extensions ['ros']
[0.131s] colcon.colcon_core.package_identification Level 1 _identify(src/acare_bringup) by extension 'ros'
[0.132s] colcon.colcon_core.package_identification DEBUG Package 'src/acare_bringup' with type 'ros.ament_python' and name 'acare_bringup'
[0.132s] colcon.colcon_core.package_identification Level 1 _identify(src/acare_logging) by extensions ['ignore', 'ignore_ament_install']
[0.132s] colcon.colcon_core.package_identification Level 1 _identify(src/acare_logging) by extension 'ignore'
[0.132s] colcon.colcon_core.package_identification Level 1 _identify(src/acare_logging) by extension 'ignore_ament_install'
[0.132s] colcon.colcon_core.package_identification Level 1 _identify(src/acare_logging) by extensions ['colcon_pkg']
[0.132s] colcon.colcon_core.package_identification Level 1 _identify(src/acare_logging) by extension 'colcon_pkg'
[0.132s] colcon.colcon_core.package_identification Level 1 _identify(src/acare_logging) by extensions ['colcon_meta']
[0.132s] colcon.colcon_core.package_identification Level 1 _identify(src/acare_logging) by extension 'colcon_meta'
[0.132s] colcon.colcon_core.package_identification Level 1 _identify(src/acare_logging) by extensions ['ros']
[0.132s] colcon.colcon_core.package_identification Level 1 _identify(src/acare_logging) by extension 'ros'
[0.132s] colcon.colcon_core.package_identification DEBUG Package 'src/acare_logging' with type 'ros.ament_python' and name 'acare_logging'
[0.132s] colcon.colcon_core.package_identification Level 1 _identify(src/acare_msgs) by extensions ['ignore', 'ignore_ament_install']
[0.132s] colcon.colcon_core.package_identification Level 1 _identify(src/acare_msgs) by extension 'ignore'
[0.132s] colcon.colcon_core.package_identification Level 1 _identify(src/acare_msgs) by extension 'ignore_ament_install'
[0.132s] colcon.colcon_core.package_identification Level 1 _identify(src/acare_msgs) by extensions ['colcon_pkg']
[0.133s] colcon.colcon_core.package_identification Level 1 _identify(src/acare_msgs) by extension 'colcon_pkg'
[0.133s] colcon.colcon_core.package_identification Level 1 _identify(src/acare_msgs) by extensions ['colcon_meta']
[0.133s] colcon.colcon_core.package_identification Level 1 _identify(src/acare_msgs) by extension 'colcon_meta'
[0.133s] colcon.colcon_core.package_identification Level 1 _identify(src/acare_msgs) by extensions ['ros']
[0.133s] colcon.colcon_core.package_identification Level 1 _identify(src/acare_msgs) by extension 'ros'
[0.133s] colcon.colcon_core.package_identification DEBUG Package 'src/acare_msgs' with type 'ros.ament_cmake' and name 'acare_msgs'
[0.133s] colcon.colcon_core.package_identification Level 1 _identify(src/acare_planner) by extensions ['ignore', 'ignore_ament_install']
[0.133s] colcon.colcon_core.package_identification Level 1 _identify(src/acare_planner) by extension 'ignore'
[0.133s] colcon.colcon_core.package_identification Level 1 _identify(src/acare_planner) by extension 'ignore_ament_install'
[0.133s] colcon.colcon_core.package_identification Level 1 _identify(src/acare_planner) by extensions ['colcon_pkg']
[0.133s] colcon.colcon_core.package_identification Level 1 _identify(src/acare_planner) by extension 'colcon_pkg'
[0.133s] colcon.colcon_core.package_identification Level 1 _identify(src/acare_planner) by extensions ['colcon_meta']
[0.133s] colcon.colcon_core.package_identification Level 1 _identify(src/acare_planner) by extension 'colcon_meta'
[0.133s] colcon.colcon_core.package_identification Level 1 _identify(src/acare_planner) by extensions ['ros']
[0.133s] colcon.colcon_core.package_identification Level 1 _identify(src/acare_planner) by extension 'ros'
[0.133s] colcon.colcon_core.package_identification DEBUG Package 'src/acare_planner' with type 'ros.ament_python' and name 'acare_planner'
[0.134s] colcon.colcon_core.package_identification Level 1 _identify(src/acare_safety) by extensions ['ignore', 'ignore_ament_install']
[0.134s] colcon.colcon_core.package_identification Level 1 _identify(src/acare_safety) by extension 'ignore'
[0.134s] colcon.colcon_core.package_identification Level 1 _identify(src/acare_safety) by extension 'ignore_ament_install'
[0.134s] colcon.colcon_core.package_identification Level 1 _identify(src/acare_safety) by extensions ['colcon_pkg']
[0.134s] colcon.colcon_core.package_identification Level 1 _identify(src/acare_safety) by extension 'colcon_pkg'
[0.134s] colcon.colcon_core.package_identification Level 1 _identify(src/acare_safety) by extensions ['colcon_meta']
[0.134s] colcon.colcon_core.package_identification Level 1 _identify(src/acare_safety) by extension 'colcon_meta'
[0.134s] colcon.colcon_core.package_identification Level 1 _identify(src/acare_safety) by extensions ['ros']
[0.134s] colcon.colcon_core.package_identification Level 1 _identify(src/acare_safety) by extension 'ros'
[0.134s] colcon.colcon_core.package_identification DEBUG Package 'src/acare_safety' with type 'ros.ament_python' and name 'acare_safety'
[0.134s] colcon.colcon_core.package_identification Level 1 _identify(src/acare_vision) by extensions ['ignore', 'ignore_ament_install']
[0.134s] colcon.colcon_core.package_identification Level 1 _identify(src/acare_vision) by extension 'ignore'
[0.134s] colcon.colcon_core.package_identification Level 1 _identify(src/acare_vision) by extension 'ignore_ament_install'
[0.134s] colcon.colcon_core.package_identification Level 1 _identify(src/acare_vision) by extensions ['colcon_pkg']
[0.134s] colcon.colcon_core.package_identification Level 1 _identify(src/acare_vision) by extension 'colcon_pkg'
[0.134s] colcon.colcon_core.package_identification Level 1 _identify(src/acare_vision) by extensions ['colcon_meta']
[0.134s] colcon.colcon_core.package_identification Level 1 _identify(src/acare_vision) by extension 'colcon_meta'
[0.134s] colcon.colcon_core.package_identification Level 1 _identify(src/acare_vision) by extensions ['ros']
[0.134s] colcon.colcon_core.package_identification Level 1 _identify(src/acare_vision) by extension 'ros'
[0.135s] colcon.colcon_core.package_identification DEBUG Package 'src/acare_vision' with type 'ros.ament_python' and name 'acare_vision'
[0.135s] colcon.colcon_core.package_identification Level 1 _identify(src/acare_voice) by extensions ['ignore', 'ignore_ament_install']
[0.135s] colcon.colcon_core.package_identification Level 1 _identify(src/acare_voice) by extension 'ignore'
[0.135s] colcon.colcon_core.package_identification Level 1 _identify(src/acare_voice) by extension 'ignore_ament_install'
[0.135s] colcon.colcon_core.package_identification Level 1 _identify(src/acare_voice) by extensions ['colcon_pkg']
[0.135s] colcon.colcon_core.package_identification Level 1 _identify(src/acare_voice) by extension 'colcon_pkg'
[0.135s] colcon.colcon_core.package_identification Level 1 _identify(src/acare_voice) by extensions ['colcon_meta']
[0.135s] colcon.colcon_core.package_identification Level 1 _identify(src/acare_voice) by extension 'colcon_meta'
[0.135s] colcon.colcon_core.package_identification Level 1 _identify(src/acare_voice) by extensions ['ros']
[0.135s] colcon.colcon_core.package_identification Level 1 _identify(src/acare_voice) by extension 'ros'
[0.135s] colcon.colcon_core.package_identification DEBUG Package 'src/acare_voice' with type 'ros.ament_python' and name 'acare_voice'
[0.135s] colcon.colcon_core.package_identification Level 1 _identify(src/urdf_assembly_6dof_description) by extensions ['ignore', 'ignore_ament_install']
[0.135s] colcon.colcon_core.package_identification Level 1 _identify(src/urdf_assembly_6dof_description) by extension 'ignore'
[0.135s] colcon.colcon_core.package_identification Level 1 _identify(src/urdf_assembly_6dof_description) by extension 'ignore_ament_install'
[0.135s] colcon.colcon_core.package_identification Level 1 _identify(src/urdf_assembly_6dof_description) by extensions ['colcon_pkg']
[0.135s] colcon.colcon_core.package_identification Level 1 _identify(src/urdf_assembly_6dof_description) by extension 'colcon_pkg'
[0.135s] colcon.colcon_core.package_identification Level 1 _identify(src/urdf_assembly_6dof_description) by extensions ['colcon_meta']
[0.135s] colcon.colcon_core.package_identification Level 1 _identify(src/urdf_assembly_6dof_description) by extension 'colcon_meta'
[0.135s] colcon.colcon_core.package_identification Level 1 _identify(src/urdf_assembly_6dof_description) by extensions ['ros']
[0.135s] colcon.colcon_core.package_identification Level 1 _identify(src/urdf_assembly_6dof_description) by extension 'ros'
[0.136s] colcon.colcon_core.package_identification DEBUG Package 'src/urdf_assembly_6dof_description' with type 'ros.ament_python' and name 'urdf_assembly_6dof_description'
[0.136s] colcon.colcon_core.package_identification Level 1 _identify(urdf_assembly_6dof_moveit_config_disabled) by extensions ['ignore', 'ignore_ament_install']
[0.136s] colcon.colcon_core.package_identification Level 1 _identify(urdf_assembly_6dof_moveit_config_disabled) by extension 'ignore'
[0.136s] colcon.colcon_core.package_identification Level 1 _identify(urdf_assembly_6dof_moveit_config_disabled) ignored
[0.136s] colcon.colcon_core.package_discovery Level 1 discover_packages(recursive) using defaults
[0.136s] colcon.colcon_core.package_discovery Level 1 discover_packages(ignore) discover
[0.136s] colcon.colcon_core.package_discovery Level 1 discover_packages(ignore) using defaults
[0.136s] colcon.colcon_core.package_discovery Level 1 discover_packages(path) discover
[0.136s] colcon.colcon_core.package_discovery Level 1 discover_packages(path) using defaults
[0.148s] colcon.colcon_core.package_discovery Level 1 discover_packages(prefix_path) check parameters
[0.148s] colcon.colcon_core.package_discovery Level 1 discover_packages(prefix_path) discover
[0.149s] colcon.colcon_installed_package_information.package_discovery DEBUG Found 3 installed packages in /home/shreevanth-m/acare_demo_ws/install
[0.149s] colcon.colcon_installed_package_information.package_discovery DEBUG Found 8 installed packages in /home/shreevanth-m/ros2_ws/install
[0.149s] colcon.colcon_installed_package_information.package_discovery DEBUG Found 2 installed packages in /home/shreevanth-m/camera_ws/install
[0.151s] colcon.colcon_installed_package_information.package_discovery DEBUG Found 439 installed packages in /opt/ros/jazzy
[0.151s] colcon.colcon_core.package_discovery Level 1 discover_packages(prefix_path) using defaults
[0.185s] colcon.colcon_core.package_selection WARNING Some selected packages are already built in one or more underlay workspaces:
	'urdf_assembly_6dof_description' is in: /home/shreevanth-m/acare_demo_ws/install/urdf_assembly_6dof_description, /home/shreevanth-m/ros2_ws/install/urdf_assembly_6dof_description
If a package in a merged underlay workspace is overridden and it installs headers, then all packages in the overlay must sort their include directories by workspace order. Failure to do so may result in build failures or undefined behavior at run time.
If the overridden package is used by another package in any underlay, then the overriding package in the overlay must be API and ABI compatible or undefined behavior at run time may occur.

If you understand the risks and want to override a package anyways, add the following to the command line:
	--allow-overriding urdf_assembly_6dof_description

This may be promoted to an error in a future release of colcon-override-check.
[0.186s] colcon.colcon_core.verb Level 5 set package 'acare_msgs' build argument 'cmake_args' from command line to 'None'
[0.186s] colcon.colcon_core.verb Level 5 set package 'acare_msgs' build argument 'cmake_target' from command line to 'None'
[0.186s] colcon.colcon_core.verb Level 5 set package 'acare_msgs' build argument 'cmake_target_skip_unavailable' from command line to 'False'
[0.186s] colcon.colcon_core.verb Level 5 set package 'acare_msgs' build argument 'cmake_clean_cache' from command line to 'False'
[0.186s] colcon.colcon_core.verb Level 5 set package 'acare_msgs' build argument 'cmake_clean_first' from command line to 'False'
[0.186s] colcon.colcon_core.verb Level 5 set package 'acare_msgs' build argument 'cmake_force_configure' from command line to 'False'
[0.186s] colcon.colcon_core.verb Level 5 set package 'acare_msgs' build argument 'ament_cmake_args' from command line to 'None'
[0.186s] colcon.colcon_core.verb Level 5 set package 'acare_msgs' build argument 'catkin_cmake_args' from command line to 'None'
[0.186s] colcon.colcon_core.verb Level 5 set package 'acare_msgs' build argument 'catkin_skip_building_tests' from command line to 'False'
[0.186s] colcon.colcon_core.verb DEBUG Building package 'acare_msgs' with the following arguments: {'ament_cmake_args': None, 'build_base': '/home/shreevanth-m/acare_demo_ws/src/acaresim_final/acaresim/build/acare_msgs', 'catkin_cmake_args': None, 'catkin_skip_building_tests': False, 'cmake_args': None, 'cmake_clean_cache': False, 'cmake_clean_first': False, 'cmake_force_configure': False, 'cmake_target': None, 'cmake_target_skip_unavailable': False, 'install_base': '/home/shreevanth-m/acare_demo_ws/src/acaresim_final/acaresim/install/acare_msgs', 'merge_install': False, 'path': '/home/shreevanth-m/acare_demo_ws/src/acaresim_final/acaresim/src/acare_msgs', 'symlink_install': True, 'test_result_base': None}
[0.186s] colcon.colcon_core.verb Level 5 set package 'urdf_assembly_6dof_description' build argument 'cmake_args' from command line to 'None'
[0.186s] colcon.colcon_core.verb Level 5 set package 'urdf_assembly_6dof_description' build argument 'cmake_target' from command line to 'None'
[0.186s] colcon.colcon_core.verb Level 5 set package 'urdf_assembly_6dof_description' build argument 'cmake_target_skip_unavailable' from command line to 'False'
[0.186s] colcon.colcon_core.verb Level 5 set package 'urdf_assembly_6dof_description' build argument 'cmake_clean_cache' from command line to 'False'
[0.186s] colcon.colcon_core.verb Level 5 set package 'urdf_assembly_6dof_description' build argument 'cmake_clean_first' from command line to 'False'
[0.186s] colcon.colcon_core.verb Level 5 set package 'urdf_assembly_6dof_description' build argument 'cmake_force_configure' from command line to 'False'
[0.186s] colcon.colcon_core.verb Level 5 set package 'urdf_assembly_6dof_description' build argument 'ament_cmake_args' from command line to 'None'
[0.186s] colcon.colcon_core.verb Level 5 set package 'urdf_assembly_6dof_description' build argument 'catkin_cmake_args' from command line to 'None'
[0.186s] colcon.colcon_core.verb Level 5 set package 'urdf_assembly_6dof_description' build argument 'catkin_skip_building_tests' from command line to 'False'
[0.186s] colcon.colcon_core.verb DEBUG Building package 'urdf_assembly_6dof_description' with the following arguments: {'ament_cmake_args': None, 'build_base': '/home/shreevanth-m/acare_demo_ws/src/acaresim_final/acaresim/build/urdf_assembly_6dof_description', 'catkin_cmake_args': None, 'catkin_skip_building_tests': False, 'cmake_args': None, 'cmake_clean_cache': False, 'cmake_clean_first': False, 'cmake_force_configure': False, 'cmake_target': None, 'cmake_target_skip_unavailable': False, 'install_base': '/home/shreevanth-m/acare_demo_ws/src/acaresim_final/acaresim/install/urdf_assembly_6dof_description', 'merge_install': False, 'path': '/home/shreevanth-m/acare_demo_ws/src/acaresim_final/acaresim/src/urdf_assembly_6dof_description', 'symlink_install': True, 'test_result_base': None}
[0.186s] colcon.colcon_core.verb Level 5 set package 'acare_admin' build argument 'cmake_args' from command line to 'None'
[0.186s] colcon.colcon_core.verb Level 5 set package 'acare_admin' build argument 'cmake_target' from command line to 'None'
[0.186s] colcon.colcon_core.verb Level 5 set package 'acare_admin' build argument 'cmake_target_skip_unavailable' from command line to 'False'
[0.187s] colcon.colcon_core.verb Level 5 set package 'acare_admin' build argument 'cmake_clean_cache' from command line to 'False'
[0.187s] colcon.colcon_core.verb Level 5 set package 'acare_admin' build argument 'cmake_clean_first' from command line to 'False'
[0.187s] colcon.colcon_core.verb Level 5 set package 'acare_admin' build argument 'cmake_force_configure' from command line to 'False'
[0.187s] colcon.colcon_core.verb Level 5 set package 'acare_admin' build argument 'ament_cmake_args' from command line to 'None'
[0.187s] colcon.colcon_core.verb Level 5 set package 'acare_admin' build argument 'catkin_cmake_args' from command line to 'None'
[0.187s] colcon.colcon_core.verb Level 5 set package 'acare_admin' build argument 'catkin_skip_building_tests' from command line to 'False'
[0.187s] colcon.colcon_core.verb DEBUG Building package 'acare_admin' with the following arguments: {'ament_cmake_args': None, 'build_base': '/home/shreevanth-m/acare_demo_ws/src/acaresim_final/acaresim/build/acare_admin', 'catkin_cmake_args': None, 'catkin_skip_building_tests': False, 'cmake_args': None, 'cmake_clean_cache': False, 'cmake_clean_first': False, 'cmake_force_configure': False, 'cmake_target': None, 'cmake_target_skip_unavailable': False, 'install_base': '/home/shreevanth-m/acare_demo_ws/src/acaresim_final/acaresim/install/acare_admin', 'merge_install': False, 'path': '/home/shreevanth-m/acare_demo_ws/src/acaresim_final/acaresim/src/acare_admin', 'symlink_install': True, 'test_result_base': None}
[0.187s] colcon.colcon_core.verb Level 5 set package 'acare_bringup' build argument 'cmake_args' from command line to 'None'
[0.187s] colcon.colcon_core.verb Level 5 set package 'acare_bringup' build argument 'cmake_target' from command line to 'None'
[0.187s] colcon.colcon_core.verb Level 5 set package 'acare_bringup' build argument 'cmake_target_skip_unavailable' from command line to 'False'
[0.187s] colcon.colcon_core.verb Level 5 set package 'acare_bringup' build argument 'cmake_clean_cache' from command line to 'False'
[0.187s] colcon.colcon_core.verb Level 5 set package 'acare_bringup' build argument 'cmake_clean_first' from command line to 'False'
[0.187s] colcon.colcon_core.verb Level 5 set package 'acare_bringup' build argument 'cmake_force_configure' from command line to 'False'
[0.187s] colcon.colcon_core.verb Level 5 set package 'acare_bringup' build argument 'ament_cmake_args' from command line to 'None'
[0.187s] colcon.colcon_core.verb Level 5 set package 'acare_bringup' build argument 'catkin_cmake_args' from command line to 'None'
[0.187s] colcon.colcon_core.verb Level 5 set package 'acare_bringup' build argument 'catkin_skip_building_tests' from command line to 'False'
[0.187s] colcon.colcon_core.verb DEBUG Building package 'acare_bringup' with the following arguments: {'ament_cmake_args': None, 'build_base': '/home/shreevanth-m/acare_demo_ws/src/acaresim_final/acaresim/build/acare_bringup', 'catkin_cmake_args': None, 'catkin_skip_building_tests': False, 'cmake_args': None, 'cmake_clean_cache': False, 'cmake_clean_first': False, 'cmake_force_configure': False, 'cmake_target': None, 'cmake_target_skip_unavailable': False, 'install_base': '/home/shreevanth-m/acare_demo_ws/src/acaresim_final/acaresim/install/acare_bringup', 'merge_install': False, 'path': '/home/shreevanth-m/acare_demo_ws/src/acaresim_final/acaresim/src/acare_bringup', 'symlink_install': True, 'test_result_base': None}
[0.187s] colcon.colcon_core.verb Level 5 set package 'acare_logging' build argument 'cmake_args' from command line to 'None'
[0.187s] colcon.colcon_core.verb Level 5 set package 'acare_logging' build argument 'cmake_target' from command line to 'None'
[0.187s] colcon.colcon_core.verb Level 5 set package 'acare_logging' build argument 'cmake_target_skip_unavailable' from command line to 'False'
[0.187s] colcon.colcon_core.verb Level 5 set package 'acare_logging' build argument 'cmake_clean_cache' from command line to 'False'
[0.187s] colcon.colcon_core.verb Level 5 set package 'acare_logging' build argument 'cmake_clean_first' from command line to 'False'
[0.187s] colcon.colcon_core.verb Level 5 set package 'acare_logging' build argument 'cmake_force_configure' from command line to 'False'
[0.187s] colcon.colcon_core.verb Level 5 set package 'acare_logging' build argument 'ament_cmake_args' from command line to 'None'
[0.187s] colcon.colcon_core.verb Level 5 set package 'acare_logging' build argument 'catkin_cmake_args' from command line to 'None'
[0.187s] colcon.colcon_core.verb Level 5 set package 'acare_logging' build argument 'catkin_skip_building_tests' from command line to 'False'
[0.187s] colcon.colcon_core.verb DEBUG Building package 'acare_logging' with the following arguments: {'ament_cmake_args': None, 'build_base': '/home/shreevanth-m/acare_demo_ws/src/acaresim_final/acaresim/build/acare_logging', 'catkin_cmake_args': None, 'catkin_skip_building_tests': False, 'cmake_args': None, 'cmake_clean_cache': False, 'cmake_clean_first': False, 'cmake_force_configure': False, 'cmake_target': None, 'cmake_target_skip_unavailable': False, 'install_base': '/home/shreevanth-m/acare_demo_ws/src/acaresim_final/acaresim/install/acare_logging', 'merge_install': False, 'path': '/home/shreevanth-m/acare_demo_ws/src/acaresim_final/acaresim/src/acare_logging', 'symlink_install': True, 'test_result_base': None}
[0.187s] colcon.colcon_core.verb Level 5 set package 'acare_planner' build argument 'cmake_args' from command line to 'None'
[0.187s] colcon.colcon_core.verb Level 5 set package 'acare_planner' build argument 'cmake_target' from command line to 'None'
[0.187s] colcon.colcon_core.verb Level 5 set package 'acare_planner' build argument 'cmake_target_skip_unavailable' from command line to 'False'
[0.187s] colcon.colcon_core.verb Level 5 set package 'acare_planner' build argument 'cmake_clean_cache' from command line to 'False'
[0.187s] colcon.colcon_core.verb Level 5 set package 'acare_planner' build argument 'cmake_clean_first' from command line to 'False'
[0.187s] colcon.colcon_core.verb Level 5 set package 'acare_planner' build argument 'cmake_force_configure' from command line to 'False'
[0.187s] colcon.colcon_core.verb Level 5 set package 'acare_planner' build argument 'ament_cmake_args' from command line to 'None'
[0.187s] colcon.colcon_core.verb Level 5 set package 'acare_planner' build argument 'catkin_cmake_args' from command line to 'None'
[0.187s] colcon.colcon_core.verb Level 5 set package 'acare_planner' build argument 'catkin_skip_building_tests' from command line to 'False'
[0.187s] colcon.colcon_core.verb DEBUG Building package 'acare_planner' with the following arguments: {'ament_cmake_args': None, 'build_base': '/home/shreevanth-m/acare_demo_ws/src/acaresim_final/acaresim/build/acare_planner', 'catkin_cmake_args': None, 'catkin_skip_building_tests': False, 'cmake_args': None, 'cmake_clean_cache': False, 'cmake_clean_first': False, 'cmake_force_configure': False, 'cmake_target': None, 'cmake_target_skip_unavailable': False, 'install_base': '/home/shreevanth-m/acare_demo_ws/src/acaresim_final/acaresim/install/acare_planner', 'merge_install': False, 'path': '/home/shreevanth-m/acare_demo_ws/src/acaresim_final/acaresim/src/acare_planner', 'symlink_install': True, 'test_result_base': None}
[0.188s] colcon.colcon_core.verb Level 5 set package 'acare_safety' build argument 'cmake_args' from command line to 'None'
[0.188s] colcon.colcon_core.verb Level 5 set package 'acare_safety' build argument 'cmake_target' from command line to 'None'
[0.188s] colcon.colcon_core.verb Level 5 set package 'acare_safety' build argument 'cmake_target_skip_unavailable' from command line to 'False'
[0.188s] colcon.colcon_core.verb Level 5 set package 'acare_safety' build argument 'cmake_clean_cache' from command line to 'False'
[0.188s] colcon.colcon_core.verb Level 5 set package 'acare_safety' build argument 'cmake_clean_first' from command line to 'False'
[0.188s] colcon.colcon_core.verb Level 5 set package 'acare_safety' build argument 'cmake_force_configure' from command line to 'False'
[0.188s] colcon.colcon_core.verb Level 5 set package 'acare_safety' build argument 'ament_cmake_args' from command line to 'None'
[0.188s] colcon.colcon_core.verb Level 5 set package 'acare_safety' build argument 'catkin_cmake_args' from command line to 'None'
[0.188s] colcon.colcon_core.verb Level 5 set package 'acare_safety' build argument 'catkin_skip_building_tests' from command line to 'False'
[0.188s] colcon.colcon_core.verb DEBUG Building package 'acare_safety' with the following arguments: {'ament_cmake_args': None, 'build_base': '/home/shreevanth-m/acare_demo_ws/src/acaresim_final/acaresim/build/acare_safety', 'catkin_cmake_args': None, 'catkin_skip_building_tests': False, 'cmake_args': None, 'cmake_clean_cache': False, 'cmake_clean_first': False, 'cmake_force_configure': False, 'cmake_target': None, 'cmake_target_skip_unavailable': False, 'install_base': '/home/shreevanth-m/acare_demo_ws/src/acaresim_final/acaresim/install/acare_safety', 'merge_install': False, 'path': '/home/shreevanth-m/acare_demo_ws/src/acaresim_final/acaresim/src/acare_safety', 'symlink_install': True, 'test_result_base': None}
[0.188s] colcon.colcon_core.verb Level 5 set package 'acare_vision' build argument 'cmake_args' from command line to 'None'
[0.188s] colcon.colcon_core.verb Level 5 set package 'acare_vision' build argument 'cmake_target' from command line to 'None'
[0.188s] colcon.colcon_core.verb Level 5 set package 'acare_vision' build argument 'cmake_target_skip_unavailable' from command line to 'False'
[0.188s] colcon.colcon_core.verb Level 5 set package 'acare_vision' build argument 'cmake_clean_cache' from command line to 'False'
[0.188s] colcon.colcon_core.verb Level 5 set package 'acare_vision' build argument 'cmake_clean_first' from command line to 'False'
[0.188s] colcon.colcon_core.verb Level 5 set package 'acare_vision' build argument 'cmake_force_configure' from command line to 'False'
[0.188s] colcon.colcon_core.verb Level 5 set package 'acare_vision' build argument 'ament_cmake_args' from command line to 'None'
[0.188s] colcon.colcon_core.verb Level 5 set package 'acare_vision' build argument 'catkin_cmake_args' from command line to 'None'
[0.188s] colcon.colcon_core.verb Level 5 set package 'acare_vision' build argument 'catkin_skip_building_tests' from command line to 'False'
[0.188s] colcon.colcon_core.verb DEBUG Building package 'acare_vision' with the following arguments: {'ament_cmake_args': None, 'build_base': '/home/shreevanth-m/acare_demo_ws/src/acaresim_final/acaresim/build/acare_vision', 'catkin_cmake_args': None, 'catkin_skip_building_tests': False, 'cmake_args': None, 'cmake_clean_cache': False, 'cmake_clean_first': False, 'cmake_force_configure': False, 'cmake_target': None, 'cmake_target_skip_unavailable': False, 'install_base': '/home/shreevanth-m/acare_demo_ws/src/acaresim_final/acaresim/install/acare_vision', 'merge_install': False, 'path': '/home/shreevanth-m/acare_demo_ws/src/acaresim_final/acaresim/src/acare_vision', 'symlink_install': True, 'test_result_base': None}
[0.188s] colcon.colcon_core.verb Level 5 set package 'acare_voice' build argument 'cmake_args' from command line to 'None'
[0.188s] colcon.colcon_core.verb Level 5 set package 'acare_voice' build argument 'cmake_target' from command line to 'None'
[0.188s] colcon.colcon_core.verb Level 5 set package 'acare_voice' build argument 'cmake_target_skip_unavailable' from command line to 'False'
[0.188s] colcon.colcon_core.verb Level 5 set package 'acare_voice' build argument 'cmake_clean_cache' from command line to 'False'
[0.188s] colcon.colcon_core.verb Level 5 set package 'acare_voice' build argument 'cmake_clean_first' from command line to 'False'
[0.188s] colcon.colcon_core.verb Level 5 set package 'acare_voice' build argument 'cmake_force_configure' from command line to 'False'
[0.188s] colcon.colcon_core.verb Level 5 set package 'acare_voice' build argument 'ament_cmake_args' from command line to 'None'
[0.188s] colcon.colcon_core.verb Level 5 set package 'acare_voice' build argument 'catkin_cmake_args' from command line to 'None'
[0.188s] colcon.colcon_core.verb Level 5 set package 'acare_voice' build argument 'catkin_skip_building_tests' from command line to 'False'
[0.188s] colcon.colcon_core.verb DEBUG Building package 'acare_voice' with the following arguments: {'ament_cmake_args': None, 'build_base': '/home/shreevanth-m/acare_demo_ws/src/acaresim_final/acaresim/build/acare_voice', 'catkin_cmake_args': None, 'catkin_skip_building_tests': False, 'cmake_args': None, 'cmake_clean_cache': False, 'cmake_clean_first': False, 'cmake_force_configure': False, 'cmake_target': None, 'cmake_target_skip_unavailable': False, 'install_base': '/home/shreevanth-m/acare_demo_ws/src/acaresim_final/acaresim/install/acare_voice', 'merge_install': False, 'path': '/home/shreevanth-m/acare_demo_ws/src/acaresim_final/acaresim/src/acare_voice', 'symlink_install': True, 'test_result_base': None}
[0.188s] colcon.colcon_core.executor INFO Executing jobs using 'parallel' executor
[0.189s] colcon.colcon_parallel_executor.executor.parallel DEBUG run_until_complete
[0.189s] colcon.colcon_ros.task.ament_cmake.build INFO Building ROS package in '/home/shreevanth-m/acare_demo_ws/src/acaresim_final/acaresim/src/acare_msgs' with build type 'ament_cmake'
[0.190s] colcon.colcon_cmake.task.cmake.build INFO Building CMake package in '/home/shreevanth-m/acare_demo_ws/src/acaresim_final/acaresim/src/acare_msgs'
[0.191s] colcon.colcon_core.plugin_system INFO Skipping extension 'colcon_core.shell.bat': Not used on non-Windows systems
[0.192s] colcon.colcon_core.shell INFO Skip shell extension 'powershell' for command environment: Not usable outside of PowerShell
[0.192s] colcon.colcon_core.shell DEBUG Skip shell extension 'dsv' for command environment
[0.198s] colcon.colcon_ros.task.ament_python.build INFO Building ROS package in '/home/shreevanth-m/acare_demo_ws/src/acaresim_final/acaresim/src/urdf_assembly_6dof_description' with build type 'ament_python'
[0.198s] colcon.colcon_core.shell Level 1 create_environment_hook('urdf_assembly_6dof_description', 'ament_prefix_path')
[0.198s] colcon.colcon_core.shell INFO Creating environment hook '/home/shreevanth-m/acare_demo_ws/src/acaresim_final/acaresim/install/urdf_assembly_6dof_description/share/urdf_assembly_6dof_description/hook/ament_prefix_path.ps1'
[0.198s] colcon.colcon_core.shell INFO Creating environment descriptor '/home/shreevanth-m/acare_demo_ws/src/acaresim_final/acaresim/install/urdf_assembly_6dof_description/share/urdf_assembly_6dof_description/hook/ament_prefix_path.dsv'
[0.199s] colcon.colcon_core.shell INFO Creating environment hook '/home/shreevanth-m/acare_demo_ws/src/acaresim_final/acaresim/install/urdf_assembly_6dof_description/share/urdf_assembly_6dof_description/hook/ament_prefix_path.sh'
[0.199s] colcon.colcon_core.shell INFO Skip shell extension 'powershell' for command environment: Not usable outside of PowerShell
[0.199s] colcon.colcon_core.shell DEBUG Skip shell extension 'dsv' for command environment
[0.212s] colcon.colcon_core.event_handler.log_command DEBUG Invoking command in '/home/shreevanth-m/acare_demo_ws/src/acaresim_final/acaresim/build/acare_msgs': CMAKE_PREFIX_PATH=/home/shreevanth-m/acare_demo_ws/install/moveit_config:/home/shreevanth-m/acare_demo_ws/install/acare_msgs:/home/shreevanth-m/acare_demo_ws/install/urdf_assembly_6dof_description:/home/shreevanth-m/ros2_ws/install/urdf_assembly_6dof_description:/home/shreevanth-m/ros2_ws/install/holo_description:/home/shreevanth-m/ros2_ws/install/acare_pick_place:/home/shreevanth-m/camera_ws/install/camera_robot_description:/opt/ros/jazzy:/home/shreevanth-m/ros2_ws/install/urdf_assembly_6dof_moveit_config:/home/shreevanth-m/ros2_ws/install/irb120_ros2_moveit2:/home/shreevanth-m/ros2_ws/install/irb120_ros2_gazebo:/home/shreevanth-m/ros2_ws/install/acare_msgs:/home/shreevanth-m/ros2_ws/install/acare_moveit_config:/home/shreevanth-m/camera_ws/install/articubot_one:/opt/ros/jazzy/opt/gz_sim_vendor:/opt/ros/jazzy/opt/gz_sensors_vendor:/opt/ros/jazzy/opt/gz_physics_vendor:/opt/ros/jazzy/opt/sdformat_vendor:/opt/ros/jazzy/opt/gz_gui_vendor:/opt/ros/jazzy/opt/gz_transport_vendor:/opt/ros/jazzy/opt/gz_rendering_vendor:/opt/ros/jazzy/opt/gz_plugin_vendor:/opt/ros/jazzy/opt/gz_fuel_tools_vendor:/opt/ros/jazzy/opt/gz_msgs_vendor:/opt/ros/jazzy/opt/gz_common_vendor:/opt/ros/jazzy/opt/gz_math_vendor:/opt/ros/jazzy/opt/gz_utils_vendor:/opt/ros/jazzy/opt/gz_tools_vendor:/opt/ros/jazzy/opt/gz_ogre_next_vendor:/opt/ros/jazzy/opt/gz_dartsim_vendor:/opt/ros/jazzy/opt/gz_cmake_vendor DEBUGINFOD_URLS=https://debuginfod.ubuntu.com /usr/bin/cmake --build /home/shreevanth-m/acare_demo_ws/src/acaresim_final/acaresim/build/acare_msgs -- -j16 -l16
[0.422s] colcon.colcon_core.task.python.build INFO Building Python package in '/home/shreevanth-m/acare_demo_ws/src/acaresim_final/acaresim/src/urdf_assembly_6dof_description'
[0.423s] colcon.colcon_core.shell INFO Skip shell extension 'powershell' for command environment: Not usable outside of PowerShell
[0.423s] colcon.colcon_core.shell DEBUG Skip shell extension 'dsv' for command environment
[0.594s] colcon.colcon_core.event_handler.log_command DEBUG Invoked command in '/home/shreevanth-m/acare_demo_ws/src/acaresim_final/acaresim/build/acare_msgs' returned '0': CMAKE_PREFIX_PATH=/home/shreevanth-m/acare_demo_ws/install/moveit_config:/home/shreevanth-m/acare_demo_ws/install/acare_msgs:/home/shreevanth-m/acare_demo_ws/install/urdf_assembly_6dof_description:/home/shreevanth-m/ros2_ws/install/urdf_assembly_6dof_description:/home/shreevanth-m/ros2_ws/install/holo_description:/home/shreevanth-m/ros2_ws/install/acare_pick_place:/home/shreevanth-m/camera_ws/install/camera_robot_description:/opt/ros/jazzy:/home/shreevanth-m/ros2_ws/install/urdf_assembly_6dof_moveit_config:/home/shreevanth-m/ros2_ws/install/irb120_ros2_moveit2:/home/shreevanth-m/ros2_ws/install/irb120_ros2_gazebo:/home/shreevanth-m/ros2_ws/install/acare_msgs:/home/shreevanth-m/ros2_ws/install/acare_moveit_config:/home/shreevanth-m/camera_ws/install/articubot_one:/opt/ros/jazzy/opt/gz_sim_vendor:/opt/ros/jazzy/opt/gz_sensors_vendor:/opt/ros/jazzy/opt/gz_physics_vendor:/opt/ros/jazzy/opt/sdformat_vendor:/opt/ros/jazzy/opt/gz_gui_vendor:/opt/ros/jazzy/opt/gz_transport_vendor:/opt/ros/jazzy/opt/gz_rendering_vendor:/opt/ros/jazzy/opt/gz_plugin_vendor:/opt/ros/jazzy/opt/gz_fuel_tools_vendor:/opt/ros/jazzy/opt/gz_msgs_vendor:/opt/ros/jazzy/opt/gz_common_vendor:/opt/ros/jazzy/opt/gz_math_vendor:/opt/ros/jazzy/opt/gz_utils_vendor:/opt/ros/jazzy/opt/gz_tools_vendor:/opt/ros/jazzy/opt/gz_ogre_next_vendor:/opt/ros/jazzy/opt/gz_dartsim_vendor:/opt/ros/jazzy/opt/gz_cmake_vendor DEBUGINFOD_URLS=https://debuginfod.ubuntu.com /usr/bin/cmake --build /home/shreevanth-m/acare_demo_ws/src/acaresim_final/acaresim/build/acare_msgs -- -j16 -l16
[0.601s] colcon.colcon_core.event_handler.log_command DEBUG Invoking command in '/home/shreevanth-m/acare_demo_ws/src/acaresim_final/acaresim/build/acare_msgs': CMAKE_PREFIX_PATH=/home/shreevanth-m/acare_demo_ws/install/moveit_config:/home/shreevanth-m/acare_demo_ws/install/acare_msgs:/home/shreevanth-m/acare_demo_ws/install/urdf_assembly_6dof_description:/home/shreevanth-m/ros2_ws/install/urdf_assembly_6dof_description:/home/shreevanth-m/ros2_ws/install/holo_description:/home/shreevanth-m/ros2_ws/install/acare_pick_place:/home/shreevanth-m/camera_ws/install/camera_robot_description:/opt/ros/jazzy:/home/shreevanth-m/ros2_ws/install/urdf_assembly_6dof_moveit_config:/home/shreevanth-m/ros2_ws/install/irb120_ros2_moveit2:/home/shreevanth-m/ros2_ws/install/irb120_ros2_gazebo:/home/shreevanth-m/ros2_ws/install/acare_msgs:/home/shreevanth-m/ros2_ws/install/acare_moveit_config:/home/shreevanth-m/camera_ws/install/articubot_one:/opt/ros/jazzy/opt/gz_sim_vendor:/opt/ros/jazzy/opt/gz_sensors_vendor:/opt/ros/jazzy/opt/gz_physics_vendor:/opt/ros/jazzy/opt/sdformat_vendor:/opt/ros/jazzy/opt/gz_gui_vendor:/opt/ros/jazzy/opt/gz_transport_vendor:/opt/ros/jazzy/opt/gz_rendering_vendor:/opt/ros/jazzy/opt/gz_plugin_vendor:/opt/ros/jazzy/opt/gz_fuel_tools_vendor:/opt/ros/jazzy/opt/gz_msgs_vendor:/opt/ros/jazzy/opt/gz_common_vendor:/opt/ros/jazzy/opt/gz_math_vendor:/opt/ros/jazzy/opt/gz_utils_vendor:/opt/ros/jazzy/opt/gz_tools_vendor:/opt/ros/jazzy/opt/gz_ogre_next_vendor:/opt/ros/jazzy/opt/gz_dartsim_vendor:/opt/ros/jazzy/opt/gz_cmake_vendor DEBUGINFOD_URLS=https://debuginfod.ubuntu.com /usr/bin/cmake --install /home/shreevanth-m/acare_demo_ws/src/acaresim_final/acaresim/build/acare_msgs
[0.695s] colcon.colcon_core.environment Level 1 create_environment_scripts_only(acare_msgs)
[0.696s] colcon.colcon_core.event_handler.log_command DEBUG Invoked command in '/home/shreevanth-m/acare_demo_ws/src/acaresim_final/acaresim/build/acare_msgs' returned '0': CMAKE_PREFIX_PATH=/home/shreevanth-m/acare_demo_ws/install/moveit_config:/home/shreevanth-m/acare_demo_ws/install/acare_msgs:/home/shreevanth-m/acare_demo_ws/install/urdf_assembly_6dof_description:/home/shreevanth-m/ros2_ws/install/urdf_assembly_6dof_description:/home/shreevanth-m/ros2_ws/install/holo_description:/home/shreevanth-m/ros2_ws/install/acare_pick_place:/home/shreevanth-m/camera_ws/install/camera_robot_description:/opt/ros/jazzy:/home/shreevanth-m/ros2_ws/install/urdf_assembly_6dof_moveit_config:/home/shreevanth-m/ros2_ws/install/irb120_ros2_moveit2:/home/shreevanth-m/ros2_ws/install/irb120_ros2_gazebo:/home/shreevanth-m/ros2_ws/install/acare_msgs:/home/shreevanth-m/ros2_ws/install/acare_moveit_config:/home/shreevanth-m/camera_ws/install/articubot_one:/opt/ros/jazzy/opt/gz_sim_vendor:/opt/ros/jazzy/opt/gz_sensors_vendor:/opt/ros/jazzy/opt/gz_physics_vendor:/opt/ros/jazzy/opt/sdformat_vendor:/opt/ros/jazzy/opt/gz_gui_vendor:/opt/ros/jazzy/opt/gz_transport_vendor:/opt/ros/jazzy/opt/gz_rendering_vendor:/opt/ros/jazzy/opt/gz_plugin_vendor:/opt/ros/jazzy/opt/gz_fuel_tools_vendor:/opt/ros/jazzy/opt/gz_msgs_vendor:/opt/ros/jazzy/opt/gz_common_vendor:/opt/ros/jazzy/opt/gz_math_vendor:/opt/ros/jazzy/opt/gz_utils_vendor:/opt/ros/jazzy/opt/gz_tools_vendor:/opt/ros/jazzy/opt/gz_ogre_next_vendor:/opt/ros/jazzy/opt/gz_dartsim_vendor:/opt/ros/jazzy/opt/gz_cmake_vendor DEBUGINFOD_URLS=https://debuginfod.ubuntu.com /usr/bin/cmake --install /home/shreevanth-m/acare_demo_ws/src/acaresim_final/acaresim/build/acare_msgs
[0.697s] colcon.colcon_core.environment Level 1 checking '/home/shreevanth-m/acare_demo_ws/src/acaresim_final/acaresim/install/acare_msgs' for CMake module files
[0.697s] colcon.colcon_core.environment Level 1 checking '/home/shreevanth-m/acare_demo_ws/src/acaresim_final/acaresim/install/acare_msgs' for CMake config files
[0.698s] colcon.colcon_core.shell Level 1 create_environment_hook('acare_msgs', 'cmake_prefix_path')
[0.698s] colcon.colcon_core.shell INFO Creating environment hook '/home/shreevanth-m/acare_demo_ws/src/acaresim_final/acaresim/install/acare_msgs/share/acare_msgs/hook/cmake_prefix_path.ps1'
[0.698s] colcon.colcon_core.shell INFO Creating environment descriptor '/home/shreevanth-m/acare_demo_ws/src/acaresim_final/acaresim/install/acare_msgs/share/acare_msgs/hook/cmake_prefix_path.dsv'
[0.699s] colcon.colcon_core.shell INFO Creating environment hook '/home/shreevanth-m/acare_demo_ws/src/acaresim_final/acaresim/install/acare_msgs/share/acare_msgs/hook/cmake_prefix_path.sh'
[0.699s] colcon.colcon_core.environment Level 1 checking '/home/shreevanth-m/acare_demo_ws/src/acaresim_final/acaresim/install/acare_msgs/lib'
[0.699s] colcon.colcon_core.shell Level 1 create_environment_hook('acare_msgs', 'ld_library_path_lib')
[0.699s] colcon.colcon_core.shell INFO Creating environment hook '/home/shreevanth-m/acare_demo_ws/src/acaresim_final/acaresim/install/acare_msgs/share/acare_msgs/hook/ld_library_path_lib.ps1'
[0.699s] colcon.colcon_core.shell INFO Creating environment descriptor '/home/shreevanth-m/acare_demo_ws/src/acaresim_final/acaresim/install/acare_msgs/share/acare_msgs/hook/ld_library_path_lib.dsv'
[0.700s] colcon.colcon_core.shell INFO Creating environment hook '/home/shreevanth-m/acare_demo_ws/src/acaresim_final/acaresim/install/acare_msgs/share/acare_msgs/hook/ld_library_path_lib.sh'
[0.700s] colcon.colcon_core.environment Level 1 checking '/home/shreevanth-m/acare_demo_ws/src/acaresim_final/acaresim/install/acare_msgs/bin'
[0.700s] colcon.colcon_core.environment Level 1 checking '/home/shreevanth-m/acare_demo_ws/src/acaresim_final/acaresim/install/acare_msgs/lib/pkgconfig/acare_msgs.pc'
[0.700s] colcon.colcon_core.environment Level 1 checking '/home/shreevanth-m/acare_demo_ws/src/acaresim_final/acaresim/install/acare_msgs/lib/python3.12/site-packages'
[0.700s] colcon.colcon_core.shell Level 1 create_environment_hook('acare_msgs', 'pythonpath')
[0.700s] colcon.colcon_core.shell INFO Creating environment hook '/home/shreevanth-m/acare_demo_ws/src/acaresim_final/acaresim/install/acare_msgs/share/acare_msgs/hook/pythonpath.ps1'
[0.701s] colcon.colcon_core.shell INFO Creating environment descriptor '/home/shreevanth-m/acare_demo_ws/src/acaresim_final/acaresim/install/acare_msgs/share/acare_msgs/hook/pythonpath.dsv'
[0.701s] colcon.colcon_core.shell INFO Creating environment hook '/home/shreevanth-m/acare_demo_ws/src/acaresim_final/acaresim/install/acare_msgs/share/acare_msgs/hook/pythonpath.sh'
[0.701s] colcon.colcon_core.environment Level 1 checking '/home/shreevanth-m/acare_demo_ws/src/acaresim_final/acaresim/install/acare_msgs/bin'
[0.701s] colcon.colcon_core.shell INFO Creating package script '/home/shreevanth-m/acare_demo_ws/src/acaresim_final/acaresim/install/acare_msgs/share/acare_msgs/package.ps1'
[0.702s] colcon.colcon_core.shell INFO Creating package descriptor '/home/shreevanth-m/acare_demo_ws/src/acaresim_final/acaresim/install/acare_msgs/share/acare_msgs/package.dsv'
[0.702s] colcon.colcon_core.shell INFO Creating package script '/home/shreevanth-m/acare_demo_ws/src/acaresim_final/acaresim/install/acare_msgs/share/acare_msgs/package.sh'
[0.703s] colcon.colcon_core.shell INFO Creating package script '/home/shreevanth-m/acare_demo_ws/src/acaresim_final/acaresim/install/acare_msgs/share/acare_msgs/package.bash'
[0.703s] colcon.colcon_core.shell INFO Creating package script '/home/shreevanth-m/acare_demo_ws/src/acaresim_final/acaresim/install/acare_msgs/share/acare_msgs/package.zsh'
[0.703s] colcon.colcon_core.environment Level 1 create_file_with_runtime_dependencies(/home/shreevanth-m/acare_demo_ws/src/acaresim_final/acaresim/install/acare_msgs/share/colcon-core/packages/acare_msgs)
[0.704s] colcon.colcon_core.environment Level 1 create_environment_scripts_only(acare_msgs)
[0.704s] colcon.colcon_core.environment Level 1 checking '/home/shreevanth-m/acare_demo_ws/src/acaresim_final/acaresim/install/acare_msgs' for CMake module files
[0.704s] colcon.colcon_core.environment Level 1 checking '/home/shreevanth-m/acare_demo_ws/src/acaresim_final/acaresim/install/acare_msgs' for CMake config files
[0.705s] colcon.colcon_core.shell Level 1 create_environment_hook('acare_msgs', 'cmake_prefix_path')
[0.705s] colcon.colcon_core.shell INFO Creating environment hook '/home/shreevanth-m/acare_demo_ws/src/acaresim_final/acaresim/install/acare_msgs/share/acare_msgs/hook/cmake_prefix_path.ps1'
[0.705s] colcon.colcon_core.shell INFO Creating environment descriptor '/home/shreevanth-m/acare_demo_ws/src/acaresim_final/acaresim/install/acare_msgs/share/acare_msgs/hook/cmake_prefix_path.dsv'
[0.705s] colcon.colcon_core.shell INFO Creating environment hook '/home/shreevanth-m/acare_demo_ws/src/acaresim_final/acaresim/install/acare_msgs/share/acare_msgs/hook/cmake_prefix_path.sh'
[0.706s] colcon.colcon_core.environment Level 1 checking '/home/shreevanth-m/acare_demo_ws/src/acaresim_final/acaresim/install/acare_msgs/lib'
[0.706s] colcon.colcon_core.shell Level 1 create_environment_hook('acare_msgs', 'ld_library_path_lib')
[0.706s] colcon.colcon_core.shell INFO Creating environment hook '/home/shreevanth-m/acare_demo_ws/src/acaresim_final/acaresim/install/acare_msgs/share/acare_msgs/hook/ld_library_path_lib.ps1'
[0.706s] colcon.colcon_core.shell INFO Creating environment descriptor '/home/shreevanth-m/acare_demo_ws/src/acaresim_final/acaresim/install/acare_msgs/share/acare_msgs/hook/ld_library_path_lib.dsv'
[0.706s] colcon.colcon_core.shell INFO Creating environment hook '/home/shreevanth-m/acare_demo_ws/src/acaresim_final/acaresim/install/acare_msgs/share/acare_msgs/hook/ld_library_path_lib.sh'
[0.706s] colcon.colcon_core.environment Level 1 checking '/home/shreevanth-m/acare_demo_ws/src/acaresim_final/acaresim/install/acare_msgs/bin'
[0.707s] colcon.colcon_core.environment Level 1 checking '/home/shreevanth-m/acare_demo_ws/src/acaresim_final/acaresim/install/acare_msgs/lib/pkgconfig/acare_msgs.pc'
[0.707s] colcon.colcon_core.environment Level 1 checking '/home/shreevanth-m/acare_demo_ws/src/acaresim_final/acaresim/install/acare_msgs/lib/python3.12/site-packages'
[0.707s] colcon.colcon_core.shell Level 1 create_environment_hook('acare_msgs', 'pythonpath')
[0.707s] colcon.colcon_core.shell INFO Creating environment hook '/home/shreevanth-m/acare_demo_ws/src/acaresim_final/acaresim/install/acare_msgs/share/acare_msgs/hook/pythonpath.ps1'
[0.707s] colcon.colcon_core.shell INFO Creating environment descriptor '/home/shreevanth-m/acare_demo_ws/src/acaresim_final/acaresim/install/acare_msgs/share/acare_msgs/hook/pythonpath.dsv'
[0.707s] colcon.colcon_core.shell INFO Creating environment hook '/home/shreevanth-m/acare_demo_ws/src/acaresim_final/acaresim/install/acare_msgs/share/acare_msgs/hook/pythonpath.sh'
[0.708s] colcon.colcon_core.environment Level 1 checking '/home/shreevanth-m/acare_demo_ws/src/acaresim_final/acaresim/install/acare_msgs/bin'
[0.708s] colcon.colcon_core.shell INFO Creating package script '/home/shreevanth-m/acare_demo_ws/src/acaresim_final/acaresim/install/acare_msgs/share/acare_msgs/package.ps1'
[0.708s] colcon.colcon_core.shell INFO Creating package descriptor '/home/shreevanth-m/acare_demo_ws/src/acaresim_final/acaresim/install/acare_msgs/share/acare_msgs/package.dsv'
[0.709s] colcon.colcon_core.shell INFO Creating package script '/home/shreevanth-m/acare_demo_ws/src/acaresim_final/acaresim/install/acare_msgs/share/acare_msgs/package.sh'
[0.709s] colcon.colcon_core.shell INFO Creating package script '/home/shreevanth-m/acare_demo_ws/src/acaresim_final/acaresim/install/acare_msgs/share/acare_msgs/package.bash'
[0.709s] colcon.colcon_core.shell INFO Creating package script '/home/shreevanth-m/acare_demo_ws/src/acaresim_final/acaresim/install/acare_msgs/share/acare_msgs/package.zsh'
[0.709s] colcon.colcon_core.environment Level 1 create_file_with_runtime_dependencies(/home/shreevanth-m/acare_demo_ws/src/acaresim_final/acaresim/install/acare_msgs/share/colcon-core/packages/acare_msgs)
[0.710s] colcon.colcon_ros.task.ament_python.build INFO Building ROS package in '/home/shreevanth-m/acare_demo_ws/src/acaresim_final/acaresim/src/acare_admin' with build type 'ament_python'
[0.710s] colcon.colcon_core.shell Level 1 create_environment_hook('acare_admin', 'ament_prefix_path')
[0.710s] colcon.colcon_core.shell INFO Creating environment hook '/home/shreevanth-m/acare_demo_ws/src/acaresim_final/acaresim/install/acare_admin/share/acare_admin/hook/ament_prefix_path.ps1'
[0.711s] colcon.colcon_core.shell INFO Creating environment descriptor '/home/shreevanth-m/acare_demo_ws/src/acaresim_final/acaresim/install/acare_admin/share/acare_admin/hook/ament_prefix_path.dsv'
[0.711s] colcon.colcon_core.shell INFO Creating environment hook '/home/shreevanth-m/acare_demo_ws/src/acaresim_final/acaresim/install/acare_admin/share/acare_admin/hook/ament_prefix_path.sh'
[0.712s] colcon.colcon_core.shell INFO Skip shell extension 'powershell' for command environment: Not usable outside of PowerShell
[0.712s] colcon.colcon_core.shell DEBUG Skip shell extension 'dsv' for command environment
[0.716s] colcon.colcon_ros.task.ament_python.build INFO Building ROS package in '/home/shreevanth-m/acare_demo_ws/src/acaresim_final/acaresim/src/acare_bringup' with build type 'ament_python'
[0.716s] colcon.colcon_core.shell Level 1 create_environment_hook('acare_bringup', 'ament_prefix_path')
[0.716s] colcon.colcon_core.shell INFO Creating environment hook '/home/shreevanth-m/acare_demo_ws/src/acaresim_final/acaresim/install/acare_bringup/share/acare_bringup/hook/ament_prefix_path.ps1'
[0.717s] colcon.colcon_core.shell INFO Creating environment descriptor '/home/shreevanth-m/acare_demo_ws/src/acaresim_final/acaresim/install/acare_bringup/share/acare_bringup/hook/ament_prefix_path.dsv'
[0.717s] colcon.colcon_core.shell INFO Creating environment hook '/home/shreevanth-m/acare_demo_ws/src/acaresim_final/acaresim/install/acare_bringup/share/acare_bringup/hook/ament_prefix_path.sh'
[0.717s] colcon.colcon_core.shell INFO Skip shell extension 'powershell' for command environment: Not usable outside of PowerShell
[0.717s] colcon.colcon_core.shell DEBUG Skip shell extension 'dsv' for command environment
[0.720s] colcon.colcon_ros.task.ament_python.build INFO Building ROS package in '/home/shreevanth-m/acare_demo_ws/src/acaresim_final/acaresim/src/acare_logging' with build type 'ament_python'
[0.720s] colcon.colcon_core.shell Level 1 create_environment_hook('acare_logging', 'ament_prefix_path')
[0.720s] colcon.colcon_core.shell INFO Creating environment hook '/home/shreevanth-m/acare_demo_ws/src/acaresim_final/acaresim/install/acare_logging/share/acare_logging/hook/ament_prefix_path.ps1'
[0.720s] colcon.colcon_core.shell INFO Creating environment descriptor '/home/shreevanth-m/acare_demo_ws/src/acaresim_final/acaresim/install/acare_logging/share/acare_logging/hook/ament_prefix_path.dsv'
[0.721s] colcon.colcon_core.shell INFO Creating environment hook '/home/shreevanth-m/acare_demo_ws/src/acaresim_final/acaresim/install/acare_logging/share/acare_logging/hook/ament_prefix_path.sh'
[0.721s] colcon.colcon_core.shell INFO Skip shell extension 'powershell' for command environment: Not usable outside of PowerShell
[0.721s] colcon.colcon_core.shell DEBUG Skip shell extension 'dsv' for command environment
[0.725s] colcon.colcon_ros.task.ament_python.build INFO Building ROS package in '/home/shreevanth-m/acare_demo_ws/src/acaresim_final/acaresim/src/acare_planner' with build type 'ament_python'
[0.725s] colcon.colcon_core.shell Level 1 create_environment_hook('acare_planner', 'ament_prefix_path')
[0.725s] colcon.colcon_core.shell INFO Creating environment hook '/home/shreevanth-m/acare_demo_ws/src/acaresim_final/acaresim/install/acare_planner/share/acare_planner/hook/ament_prefix_path.ps1'
[0.725s] colcon.colcon_core.shell INFO Creating environment descriptor '/home/shreevanth-m/acare_demo_ws/src/acaresim_final/acaresim/install/acare_planner/share/acare_planner/hook/ament_prefix_path.dsv'
[0.725s] colcon.colcon_core.shell INFO Creating environment hook '/home/shreevanth-m/acare_demo_ws/src/acaresim_final/acaresim/install/acare_planner/share/acare_planner/hook/ament_prefix_path.sh'
[0.726s] colcon.colcon_core.shell INFO Skip shell extension 'powershell' for command environment: Not usable outside of PowerShell
[0.726s] colcon.colcon_core.shell DEBUG Skip shell extension 'dsv' for command environment
[0.728s] colcon.colcon_ros.task.ament_python.build INFO Building ROS package in '/home/shreevanth-m/acare_demo_ws/src/acaresim_final/acaresim/src/acare_safety' with build type 'ament_python'
[0.728s] colcon.colcon_core.shell Level 1 create_environment_hook('acare_safety', 'ament_prefix_path')
[0.729s] colcon.colcon_core.shell INFO Creating environment hook '/home/shreevanth-m/acare_demo_ws/src/acaresim_final/acaresim/install/acare_safety/share/acare_safety/hook/ament_prefix_path.ps1'
[0.729s] colcon.colcon_core.shell INFO Creating environment descriptor '/home/shreevanth-m/acare_demo_ws/src/acaresim_final/acaresim/install/acare_safety/share/acare_safety/hook/ament_prefix_path.dsv'
[0.729s] colcon.colcon_core.shell INFO Creating environment hook '/home/shreevanth-m/acare_demo_ws/src/acaresim_final/acaresim/install/acare_safety/share/acare_safety/hook/ament_prefix_path.sh'
[0.730s] colcon.colcon_core.shell INFO Skip shell extension 'powershell' for command environment: Not usable outside of PowerShell
[0.730s] colcon.colcon_core.shell DEBUG Skip shell extension 'dsv' for command environment
[0.732s] colcon.colcon_ros.task.ament_python.build INFO Building ROS package in '/home/shreevanth-m/acare_demo_ws/src/acaresim_final/acaresim/src/acare_vision' with build type 'ament_python'
[0.732s] colcon.colcon_core.shell Level 1 create_environment_hook('acare_vision', 'ament_prefix_path')
[0.732s] colcon.colcon_core.shell INFO Creating environment hook '/home/shreevanth-m/acare_demo_ws/src/acaresim_final/acaresim/install/acare_vision/share/acare_vision/hook/ament_prefix_path.ps1'
[0.733s] colcon.colcon_core.shell INFO Creating environment descriptor '/home/shreevanth-m/acare_demo_ws/src/acaresim_final/acaresim/install/acare_vision/share/acare_vision/hook/ament_prefix_path.dsv'
[0.733s] colcon.colcon_core.shell INFO Creating environment hook '/home/shreevanth-m/acare_demo_ws/src/acaresim_final/acaresim/install/acare_vision/share/acare_vision/hook/ament_prefix_path.sh'
[0.733s] colcon.colcon_core.shell INFO Skip shell extension 'powershell' for command environment: Not usable outside of PowerShell
[0.733s] colcon.colcon_core.shell DEBUG Skip shell extension 'dsv' for command environment
[0.736s] colcon.colcon_ros.task.ament_python.build INFO Building ROS package in '/home/shreevanth-m/acare_demo_ws/src/acaresim_final/acaresim/src/acare_voice' with build type 'ament_python'
[0.736s] colcon.colcon_core.shell Level 1 create_environment_hook('acare_voice', 'ament_prefix_path')
[0.736s] colcon.colcon_core.shell INFO Creating environment hook '/home/shreevanth-m/acare_demo_ws/src/acaresim_final/acaresim/install/acare_voice/share/acare_voice/hook/ament_prefix_path.ps1'
[0.736s] colcon.colcon_core.shell INFO Creating environment descriptor '/home/shreevanth-m/acare_demo_ws/src/acaresim_final/acaresim/install/acare_voice/share/acare_voice/hook/ament_prefix_path.dsv'
[0.737s] colcon.colcon_core.shell INFO Creating environment hook '/home/shreevanth-m/acare_demo_ws/src/acaresim_final/acaresim/install/acare_voice/share/acare_voice/hook/ament_prefix_path.sh'
[0.737s] colcon.colcon_core.shell INFO Skip shell extension 'powershell' for command environment: Not usable outside of PowerShell
[0.737s] colcon.colcon_core.shell DEBUG Skip shell extension 'dsv' for command environment
[0.925s] colcon.colcon_core.task.python.build INFO Building Python package in '/home/shreevanth-m/acare_demo_ws/src/acaresim_final/acaresim/src/acare_admin'
[0.925s] colcon.colcon_core.shell INFO Skip shell extension 'powershell' for command environment: Not usable outside of PowerShell
[0.925s] colcon.colcon_core.shell DEBUG Skip shell extension 'dsv' for command environment
[1.098s] colcon.colcon_core.task.python.build INFO Building Python package in '/home/shreevanth-m/acare_demo_ws/src/acaresim_final/acaresim/src/acare_bringup'
[1.099s] colcon.colcon_core.shell INFO Skip shell extension 'powershell' for command environment: Not usable outside of PowerShell
[1.099s] colcon.colcon_core.shell DEBUG Skip shell extension 'dsv' for command environment
[1.271s] colcon.colcon_core.task.python.build INFO Building Python package in '/home/shreevanth-m/acare_demo_ws/src/acaresim_final/acaresim/src/acare_logging'
[1.272s] colcon.colcon_core.shell INFO Skip shell extension 'powershell' for command environment: Not usable outside of PowerShell
[1.272s] colcon.colcon_core.shell DEBUG Skip shell extension 'dsv' for command environment
[1.458s] colcon.colcon_core.task.python.build INFO Building Python package in '/home/shreevanth-m/acare_demo_ws/src/acaresim_final/acaresim/src/acare_planner'
[1.458s] colcon.colcon_core.shell INFO Skip shell extension 'powershell' for command environment: Not usable outside of PowerShell
[1.458s] colcon.colcon_core.shell DEBUG Skip shell extension 'dsv' for command environment
[1.642s] colcon.colcon_core.task.python.build INFO Building Python package in '/home/shreevanth-m/acare_demo_ws/src/acaresim_final/acaresim/src/acare_safety'
[1.642s] colcon.colcon_core.shell INFO Skip shell extension 'powershell' for command environment: Not usable outside of PowerShell
[1.642s] colcon.colcon_core.shell DEBUG Skip shell extension 'dsv' for command environment
[1.831s] colcon.colcon_core.task.python.build INFO Building Python package in '/home/shreevanth-m/acare_demo_ws/src/acaresim_final/acaresim/src/acare_vision'
[1.831s] colcon.colcon_core.shell INFO Skip shell extension 'powershell' for command environment: Not usable outside of PowerShell
[1.831s] colcon.colcon_core.shell DEBUG Skip shell extension 'dsv' for command environment
[2.021s] colcon.colcon_core.task.python.build INFO Building Python package in '/home/shreevanth-m/acare_demo_ws/src/acaresim_final/acaresim/src/acare_voice'
[2.021s] colcon.colcon_core.shell INFO Skip shell extension 'powershell' for command environment: Not usable outside of PowerShell
[2.021s] colcon.colcon_core.shell DEBUG Skip shell extension 'dsv' for command environment
[2.027s] colcon.colcon_core.event_handler.log_command DEBUG Invoking command in '/home/shreevanth-m/acare_demo_ws/src/acaresim_final/acaresim/build/urdf_assembly_6dof_description': DEBUGINFOD_URLS=https://debuginfod.ubuntu.com PYTHONPATH=/home/shreevanth-m/acare_demo_ws/src/acaresim_final/acaresim/build/urdf_assembly_6dof_description/prefix_override:/usr/lib/python3/dist-packages/colcon_core/task/python/colcon_distutils_commands:/home/shreevanth-m/acare_demo_ws/src/acaresim_final/acaresim/install/urdf_assembly_6dof_description/lib/python3.12/site-packages:${PYTHONPATH} /usr/bin/python3 -W ignore:setup.py install is deprecated -W ignore:easy_install command is deprecated setup.py develop --editable --build-directory /home/shreevanth-m/acare_demo_ws/src/acaresim_final/acaresim/build/urdf_assembly_6dof_description/build --no-deps symlink_data
[2.622s] colcon.colcon_core.event_handler.log_command DEBUG Invoking command in '/home/shreevanth-m/acare_demo_ws/src/acaresim_final/acaresim/build/acare_admin': AMENT_PREFIX_PATH=/home/shreevanth-m/acare_demo_ws/src/acaresim_final/acaresim/install/acare_msgs:${AMENT_PREFIX_PATH} CMAKE_PREFIX_PATH=/home/shreevanth-m/acare_demo_ws/src/acaresim_final/acaresim/install/acare_msgs:${CMAKE_PREFIX_PATH} DEBUGINFOD_URLS=https://debuginfod.ubuntu.com LD_LIBRARY_PATH=/home/shreevanth-m/acare_demo_ws/src/acaresim_final/acaresim/install/acare_msgs/lib:${LD_LIBRARY_PATH} PYTHONPATH=/home/shreevanth-m/acare_demo_ws/src/acaresim_final/acaresim/build/acare_admin/prefix_override:/usr/lib/python3/dist-packages/colcon_core/task/python/colcon_distutils_commands:/home/shreevanth-m/acare_demo_ws/src/acaresim_final/acaresim/install/acare_admin/lib/python3.12/site-packages:/home/shreevanth-m/acare_demo_ws/src/acaresim_final/acaresim/install/acare_msgs/lib/python3.12/site-packages:${PYTHONPATH} /usr/bin/python3 -W ignore:setup.py install is deprecated -W ignore:easy_install command is deprecated setup.py develop --editable --build-directory /home/shreevanth-m/acare_demo_ws/src/acaresim_final/acaresim/build/acare_admin/build --no-deps symlink_data
[2.765s] colcon.colcon_core.event_handler.log_command DEBUG Invoking command in '/home/shreevanth-m/acare_demo_ws/src/acaresim_final/acaresim/build/acare_vision': AMENT_PREFIX_PATH=/home/shreevanth-m/acare_demo_ws/src/acaresim_final/acaresim/install/acare_msgs:${AMENT_PREFIX_PATH} CMAKE_PREFIX_PATH=/home/shreevanth-m/acare_demo_ws/src/acaresim_final/acaresim/install/acare_msgs:${CMAKE_PREFIX_PATH} DEBUGINFOD_URLS=https://debuginfod.ubuntu.com LD_LIBRARY_PATH=/home/shreevanth-m/acare_demo_ws/src/acaresim_final/acaresim/install/acare_msgs/lib:${LD_LIBRARY_PATH} PYTHONPATH=/home/shreevanth-m/acare_demo_ws/src/acaresim_final/acaresim/build/acare_vision/prefix_override:/usr/lib/python3/dist-packages/colcon_core/task/python/colcon_distutils_commands:/home/shreevanth-m/acare_demo_ws/src/acaresim_final/acaresim/install/acare_vision/lib/python3.12/site-packages:/home/shreevanth-m/acare_demo_ws/src/acaresim_final/acaresim/install/acare_msgs/lib/python3.12/site-packages:${PYTHONPATH} /usr/bin/python3 -W ignore:setup.py install is deprecated -W ignore:easy_install command is deprecated setup.py develop --editable --build-directory /home/shreevanth-m/acare_demo_ws/src/acaresim_final/acaresim/build/acare_vision/build --no-deps symlink_data
[2.804s] colcon.colcon_core.event_handler.log_command DEBUG Invoking command in '/home/shreevanth-m/acare_demo_ws/src/acaresim_final/acaresim/build/acare_voice': AMENT_PREFIX_PATH=/home/shreevanth-m/acare_demo_ws/src/acaresim_final/acaresim/install/acare_msgs:${AMENT_PREFIX_PATH} CMAKE_PREFIX_PATH=/home/shreevanth-m/acare_demo_ws/src/acaresim_final/acaresim/install/acare_msgs:${CMAKE_PREFIX_PATH} DEBUGINFOD_URLS=https://debuginfod.ubuntu.com LD_LIBRARY_PATH=/home/shreevanth-m/acare_demo_ws/src/acaresim_final/acaresim/install/acare_msgs/lib:${LD_LIBRARY_PATH} PYTHONPATH=/home/shreevanth-m/acare_demo_ws/src/acaresim_final/acaresim/build/acare_voice/prefix_override:/usr/lib/python3/dist-packages/colcon_core/task/python/colcon_distutils_commands:/home/shreevanth-m/acare_demo_ws/src/acaresim_final/acaresim/install/acare_voice/lib/python3.12/site-packages:/home/shreevanth-m/acare_demo_ws/src/acaresim_final/acaresim/install/acare_msgs/lib/python3.12/site-packages:${PYTHONPATH} /usr/bin/python3 -W ignore:setup.py install is deprecated -W ignore:easy_install command is deprecated setup.py develop --editable --build-directory /home/shreevanth-m/acare_demo_ws/src/acaresim_final/acaresim/build/acare_voice/build --no-deps symlink_data
[2.823s] colcon.colcon_core.shell Level 1 create_environment_hook('urdf_assembly_6dof_description', 'pythonpath_develop')
[2.823s] colcon.colcon_core.shell INFO Creating environment hook '/home/shreevanth-m/acare_demo_ws/src/acaresim_final/acaresim/build/urdf_assembly_6dof_description/share/urdf_assembly_6dof_description/hook/pythonpath_develop.ps1'
[2.823s] colcon.colcon_core.event_handler.log_command DEBUG Invoked command in '/home/shreevanth-m/acare_demo_ws/src/acaresim_final/acaresim/build/urdf_assembly_6dof_description' returned '0': DEBUGINFOD_URLS=https://debuginfod.ubuntu.com PYTHONPATH=/home/shreevanth-m/acare_demo_ws/src/acaresim_final/acaresim/build/urdf_assembly_6dof_description/prefix_override:/usr/lib/python3/dist-packages/colcon_core/task/python/colcon_distutils_commands:/home/shreevanth-m/acare_demo_ws/src/acaresim_final/acaresim/install/urdf_assembly_6dof_description/lib/python3.12/site-packages:${PYTHONPATH} /usr/bin/python3 -W ignore:setup.py install is deprecated -W ignore:easy_install command is deprecated setup.py develop --editable --build-directory /home/shreevanth-m/acare_demo_ws/src/acaresim_final/acaresim/build/urdf_assembly_6dof_description/build --no-deps symlink_data
[2.824s] colcon.colcon_core.shell INFO Creating environment descriptor '/home/shreevanth-m/acare_demo_ws/src/acaresim_final/acaresim/build/urdf_assembly_6dof_description/share/urdf_assembly_6dof_description/hook/pythonpath_develop.dsv'
[2.824s] colcon.colcon_core.shell INFO Creating environment hook '/home/shreevanth-m/acare_demo_ws/src/acaresim_final/acaresim/build/urdf_assembly_6dof_description/share/urdf_assembly_6dof_description/hook/pythonpath_develop.sh'
[2.825s] colcon.colcon_core.environment Level 1 checking '/home/shreevanth-m/acare_demo_ws/src/acaresim_final/acaresim/install/urdf_assembly_6dof_description' for CMake module files
[2.826s] colcon.colcon_core.environment Level 1 checking '/home/shreevanth-m/acare_demo_ws/src/acaresim_final/acaresim/install/urdf_assembly_6dof_description' for CMake config files
[2.828s] colcon.colcon_core.environment Level 1 checking '/home/shreevanth-m/acare_demo_ws/src/acaresim_final/acaresim/install/urdf_assembly_6dof_description/lib'
[2.828s] colcon.colcon_core.environment Level 1 checking '/home/shreevanth-m/acare_demo_ws/src/acaresim_final/acaresim/install/urdf_assembly_6dof_description/bin'
[2.828s] colcon.colcon_core.environment Level 1 checking '/home/shreevanth-m/acare_demo_ws/src/acaresim_final/acaresim/install/urdf_assembly_6dof_description/lib/pkgconfig/urdf_assembly_6dof_description.pc'
[2.828s] colcon.colcon_core.environment Level 1 checking '/home/shreevanth-m/acare_demo_ws/src/acaresim_final/acaresim/install/urdf_assembly_6dof_description/lib/python3.12/site-packages'
[2.829s] colcon.colcon_core.shell Level 1 create_environment_hook('urdf_assembly_6dof_description', 'pythonpath')
[2.829s] colcon.colcon_core.shell INFO Creating environment hook '/home/shreevanth-m/acare_demo_ws/src/acaresim_final/acaresim/install/urdf_assembly_6dof_description/share/urdf_assembly_6dof_description/hook/pythonpath.ps1'
[2.829s] colcon.colcon_core.shell INFO Creating environment descriptor '/home/shreevanth-m/acare_demo_ws/src/acaresim_final/acaresim/install/urdf_assembly_6dof_description/share/urdf_assembly_6dof_description/hook/pythonpath.dsv'
[2.830s] colcon.colcon_core.shell INFO Creating environment hook '/home/shreevanth-m/acare_demo_ws/src/acaresim_final/acaresim/install/urdf_assembly_6dof_description/share/urdf_assembly_6dof_description/hook/pythonpath.sh'
[2.831s] colcon.colcon_core.environment Level 1 checking '/home/shreevanth-m/acare_demo_ws/src/acaresim_final/acaresim/install/urdf_assembly_6dof_description/bin'
[2.831s] colcon.colcon_core.environment Level 1 create_environment_scripts_only(urdf_assembly_6dof_description)
[2.831s] colcon.colcon_core.shell INFO Creating package script '/home/shreevanth-m/acare_demo_ws/src/acaresim_final/acaresim/install/urdf_assembly_6dof_description/share/urdf_assembly_6dof_description/package.ps1'
[2.832s] colcon.colcon_core.shell INFO Creating package descriptor '/home/shreevanth-m/acare_demo_ws/src/acaresim_final/acaresim/install/urdf_assembly_6dof_description/share/urdf_assembly_6dof_description/package.dsv'
[2.832s] colcon.colcon_core.shell INFO Creating package script '/home/shreevanth-m/acare_demo_ws/src/acaresim_final/acaresim/install/urdf_assembly_6dof_description/share/urdf_assembly_6dof_description/package.sh'
[2.833s] colcon.colcon_core.shell INFO Creating package script '/home/shreevanth-m/acare_demo_ws/src/acaresim_final/acaresim/install/urdf_assembly_6dof_description/share/urdf_assembly_6dof_description/package.bash'
[2.833s] colcon.colcon_core.shell INFO Creating package script '/home/shreevanth-m/acare_demo_ws/src/acaresim_final/acaresim/install/urdf_assembly_6dof_description/share/urdf_assembly_6dof_description/package.zsh'
[2.833s] colcon.colcon_core.environment Level 1 create_file_with_runtime_dependencies(/home/shreevanth-m/acare_demo_ws/src/acaresim_final/acaresim/install/urdf_assembly_6dof_description/share/colcon-core/packages/urdf_assembly_6dof_description)
[2.873s] colcon.colcon_core.event_handler.log_command DEBUG Invoking command in '/home/shreevanth-m/acare_demo_ws/src/acaresim_final/acaresim/build/acare_planner': AMENT_PREFIX_PATH=/home/shreevanth-m/acare_demo_ws/src/acaresim_final/acaresim/install/acare_msgs:${AMENT_PREFIX_PATH} CMAKE_PREFIX_PATH=/home/shreevanth-m/acare_demo_ws/src/acaresim_final/acaresim/install/acare_msgs:${CMAKE_PREFIX_PATH} DEBUGINFOD_URLS=https://debuginfod.ubuntu.com LD_LIBRARY_PATH=/home/shreevanth-m/acare_demo_ws/src/acaresim_final/acaresim/install/acare_msgs/lib:${LD_LIBRARY_PATH} PYTHONPATH=/home/shreevanth-m/acare_demo_ws/src/acaresim_final/acaresim/build/acare_planner/prefix_override:/usr/lib/python3/dist-packages/colcon_core/task/python/colcon_distutils_commands:/home/shreevanth-m/acare_demo_ws/src/acaresim_final/acaresim/install/acare_planner/lib/python3.12/site-packages:/home/shreevanth-m/acare_demo_ws/src/acaresim_final/acaresim/install/acare_msgs/lib/python3.12/site-packages:${PYTHONPATH} /usr/bin/python3 -W ignore:setup.py install is deprecated -W ignore:easy_install command is deprecated setup.py develop --editable --build-directory /home/shreevanth-m/acare_demo_ws/src/acaresim_final/acaresim/build/acare_planner/build --no-deps symlink_data
[2.900s] colcon.colcon_core.event_handler.log_command DEBUG Invoking command in '/home/shreevanth-m/acare_demo_ws/src/acaresim_final/acaresim/build/acare_safety': AMENT_PREFIX_PATH=/home/shreevanth-m/acare_demo_ws/src/acaresim_final/acaresim/install/acare_msgs:${AMENT_PREFIX_PATH} CMAKE_PREFIX_PATH=/home/shreevanth-m/acare_demo_ws/src/acaresim_final/acaresim/install/acare_msgs:${CMAKE_PREFIX_PATH} DEBUGINFOD_URLS=https://debuginfod.ubuntu.com LD_LIBRARY_PATH=/home/shreevanth-m/acare_demo_ws/src/acaresim_final/acaresim/install/acare_msgs/lib:${LD_LIBRARY_PATH} PYTHONPATH=/home/shreevanth-m/acare_demo_ws/src/acaresim_final/acaresim/build/acare_safety/prefix_override:/usr/lib/python3/dist-packages/colcon_core/task/python/colcon_distutils_commands:/home/shreevanth-m/acare_demo_ws/src/acaresim_final/acaresim/install/acare_safety/lib/python3.12/site-packages:/home/shreevanth-m/acare_demo_ws/src/acaresim_final/acaresim/install/acare_msgs/lib/python3.12/site-packages:${PYTHONPATH} /usr/bin/python3 -W ignore:setup.py install is deprecated -W ignore:easy_install command is deprecated setup.py develop --editable --build-directory /home/shreevanth-m/acare_demo_ws/src/acaresim_final/acaresim/build/acare_safety/build --no-deps symlink_data
[3.121s] colcon.colcon_core.event_handler.log_command DEBUG Invoking command in '/home/shreevanth-m/acare_demo_ws/src/acaresim_final/acaresim/build/acare_bringup': AMENT_PREFIX_PATH=/home/shreevanth-m/acare_demo_ws/src/acaresim_final/acaresim/install/acare_msgs:${AMENT_PREFIX_PATH} CMAKE_PREFIX_PATH=/home/shreevanth-m/acare_demo_ws/src/acaresim_final/acaresim/install/acare_msgs:${CMAKE_PREFIX_PATH} DEBUGINFOD_URLS=https://debuginfod.ubuntu.com LD_LIBRARY_PATH=/home/shreevanth-m/acare_demo_ws/src/acaresim_final/acaresim/install/acare_msgs/lib:${LD_LIBRARY_PATH} PYTHONPATH=/home/shreevanth-m/acare_demo_ws/src/acaresim_final/acaresim/build/acare_bringup/prefix_override:/usr/lib/python3/dist-packages/colcon_core/task/python/colcon_distutils_commands:/home/shreevanth-m/acare_demo_ws/src/acaresim_final/acaresim/install/acare_bringup/lib/python3.12/site-packages:/home/shreevanth-m/acare_demo_ws/src/acaresim_final/acaresim/install/acare_msgs/lib/python3.12/site-packages:${PYTHONPATH} /usr/bin/python3 -W ignore:setup.py install is deprecated -W ignore:easy_install command is deprecated setup.py develop --editable --build-directory /home/shreevanth-m/acare_demo_ws/src/acaresim_final/acaresim/build/acare_bringup/build --no-deps symlink_data
[3.135s] colcon.colcon_core.event_handler.log_command DEBUG Invoking command in '/home/shreevanth-m/acare_demo_ws/src/acaresim_final/acaresim/build/acare_logging': AMENT_PREFIX_PATH=/home/shreevanth-m/acare_demo_ws/src/acaresim_final/acaresim/install/acare_msgs:${AMENT_PREFIX_PATH} CMAKE_PREFIX_PATH=/home/shreevanth-m/acare_demo_ws/src/acaresim_final/acaresim/install/acare_msgs:${CMAKE_PREFIX_PATH} DEBUGINFOD_URLS=https://debuginfod.ubuntu.com LD_LIBRARY_PATH=/home/shreevanth-m/acare_demo_ws/src/acaresim_final/acaresim/install/acare_msgs/lib:${LD_LIBRARY_PATH} PYTHONPATH=/home/shreevanth-m/acare_demo_ws/src/acaresim_final/acaresim/build/acare_logging/prefix_override:/usr/lib/python3/dist-packages/colcon_core/task/python/colcon_distutils_commands:/home/shreevanth-m/acare_demo_ws/src/acaresim_final/acaresim/install/acare_logging/lib/python3.12/site-packages:/home/shreevanth-m/acare_demo_ws/src/acaresim_final/acaresim/install/acare_msgs/lib/python3.12/site-packages:${PYTHONPATH} /usr/bin/python3 -W ignore:setup.py install is deprecated -W ignore:easy_install command is deprecated setup.py develop --editable --build-directory /home/shreevanth-m/acare_demo_ws/src/acaresim_final/acaresim/build/acare_logging/build --no-deps symlink_data
[3.308s] colcon.colcon_core.shell Level 1 create_environment_hook('acare_admin', 'pythonpath_develop')
[3.308s] colcon.colcon_core.shell INFO Creating environment hook '/home/shreevanth-m/acare_demo_ws/src/acaresim_final/acaresim/build/acare_admin/share/acare_admin/hook/pythonpath_develop.ps1'
[3.309s] colcon.colcon_core.event_handler.log_command DEBUG Invoked command in '/home/shreevanth-m/acare_demo_ws/src/acaresim_final/acaresim/build/acare_admin' returned '0': AMENT_PREFIX_PATH=/home/shreevanth-m/acare_demo_ws/src/acaresim_final/acaresim/install/acare_msgs:${AMENT_PREFIX_PATH} CMAKE_PREFIX_PATH=/home/shreevanth-m/acare_demo_ws/src/acaresim_final/acaresim/install/acare_msgs:${CMAKE_PREFIX_PATH} DEBUGINFOD_URLS=https://debuginfod.ubuntu.com LD_LIBRARY_PATH=/home/shreevanth-m/acare_demo_ws/src/acaresim_final/acaresim/install/acare_msgs/lib:${LD_LIBRARY_PATH} PYTHONPATH=/home/shreevanth-m/acare_demo_ws/src/acaresim_final/acaresim/build/acare_admin/prefix_override:/usr/lib/python3/dist-packages/colcon_core/task/python/colcon_distutils_commands:/home/shreevanth-m/acare_demo_ws/src/acaresim_final/acaresim/install/acare_admin/lib/python3.12/site-packages:/home/shreevanth-m/acare_demo_ws/src/acaresim_final/acaresim/install/acare_msgs/lib/python3.12/site-packages:${PYTHONPATH} /usr/bin/python3 -W ignore:setup.py install is deprecated -W ignore:easy_install command is deprecated setup.py develop --editable --build-directory /home/shreevanth-m/acare_demo_ws/src/acaresim_final/acaresim/build/acare_admin/build --no-deps symlink_data
[3.309s] colcon.colcon_core.shell INFO Creating environment descriptor '/home/shreevanth-m/acare_demo_ws/src/acaresim_final/acaresim/build/acare_admin/share/acare_admin/hook/pythonpath_develop.dsv'
[3.310s] colcon.colcon_core.shell INFO Creating environment hook '/home/shreevanth-m/acare_demo_ws/src/acaresim_final/acaresim/build/acare_admin/share/acare_admin/hook/pythonpath_develop.sh'
[3.310s] colcon.colcon_core.environment Level 1 checking '/home/shreevanth-m/acare_demo_ws/src/acaresim_final/acaresim/install/acare_admin' for CMake module files
[3.311s] colcon.colcon_core.environment Level 1 checking '/home/shreevanth-m/acare_demo_ws/src/acaresim_final/acaresim/install/acare_admin' for CMake config files
[3.311s] colcon.colcon_core.environment Level 1 checking '/home/shreevanth-m/acare_demo_ws/src/acaresim_final/acaresim/install/acare_admin/lib'
[3.311s] colcon.colcon_core.environment Level 1 checking '/home/shreevanth-m/acare_demo_ws/src/acaresim_final/acaresim/install/acare_admin/bin'
[3.311s] colcon.colcon_core.shell Level 1 create_environment_hook('acare_admin', 'path')
[3.311s] colcon.colcon_core.shell INFO Creating environment hook '/home/shreevanth-m/acare_demo_ws/src/acaresim_final/acaresim/install/acare_admin/share/acare_admin/hook/path.ps1'
[3.312s] colcon.colcon_core.shell INFO Creating environment descriptor '/home/shreevanth-m/acare_demo_ws/src/acaresim_final/acaresim/install/acare_admin/share/acare_admin/hook/path.dsv'
[3.312s] colcon.colcon_core.shell INFO Creating environment hook '/home/shreevanth-m/acare_demo_ws/src/acaresim_final/acaresim/install/acare_admin/share/acare_admin/hook/path.sh'
[3.313s] colcon.colcon_core.environment Level 1 checking '/home/shreevanth-m/acare_demo_ws/src/acaresim_final/acaresim/install/acare_admin/lib/pkgconfig/acare_admin.pc'
[3.313s] colcon.colcon_core.environment Level 1 checking '/home/shreevanth-m/acare_demo_ws/src/acaresim_final/acaresim/install/acare_admin/lib/python3.12/site-packages'
[3.313s] colcon.colcon_core.shell Level 1 create_environment_hook('acare_admin', 'pythonpath')
[3.313s] colcon.colcon_core.shell INFO Creating environment hook '/home/shreevanth-m/acare_demo_ws/src/acaresim_final/acaresim/install/acare_admin/share/acare_admin/hook/pythonpath.ps1'
[3.314s] colcon.colcon_core.shell INFO Creating environment descriptor '/home/shreevanth-m/acare_demo_ws/src/acaresim_final/acaresim/install/acare_admin/share/acare_admin/hook/pythonpath.dsv'
[3.314s] colcon.colcon_core.shell INFO Creating environment hook '/home/shreevanth-m/acare_demo_ws/src/acaresim_final/acaresim/install/acare_admin/share/acare_admin/hook/pythonpath.sh'
[3.315s] colcon.colcon_core.environment Level 1 checking '/home/shreevanth-m/acare_demo_ws/src/acaresim_final/acaresim/install/acare_admin/bin'
[3.315s] colcon.colcon_core.shell Level 1 create_environment_hook('acare_admin', 'pythonscriptspath')
[3.315s] colcon.colcon_core.shell INFO Creating environment hook '/home/shreevanth-m/acare_demo_ws/src/acaresim_final/acaresim/install/acare_admin/share/acare_admin/hook/pythonscriptspath.ps1'
[3.316s] colcon.colcon_core.shell INFO Creating environment descriptor '/home/shreevanth-m/acare_demo_ws/src/acaresim_final/acaresim/install/acare_admin/share/acare_admin/hook/pythonscriptspath.dsv'
[3.316s] colcon.colcon_core.shell INFO Creating environment hook '/home/shreevanth-m/acare_demo_ws/src/acaresim_final/acaresim/install/acare_admin/share/acare_admin/hook/pythonscriptspath.sh'
[3.316s] colcon.colcon_core.environment Level 1 create_environment_scripts_only(acare_admin)
[3.317s] colcon.colcon_core.shell INFO Creating package script '/home/shreevanth-m/acare_demo_ws/src/acaresim_final/acaresim/install/acare_admin/share/acare_admin/package.ps1'
[3.318s] colcon.colcon_core.shell INFO Creating package descriptor '/home/shreevanth-m/acare_demo_ws/src/acaresim_final/acaresim/install/acare_admin/share/acare_admin/package.dsv'
[3.318s] colcon.colcon_core.shell INFO Creating package script '/home/shreevanth-m/acare_demo_ws/src/acaresim_final/acaresim/install/acare_admin/share/acare_admin/package.sh'
[3.319s] colcon.colcon_core.shell INFO Creating package script '/home/shreevanth-m/acare_demo_ws/src/acaresim_final/acaresim/install/acare_admin/share/acare_admin/package.bash'
[3.319s] colcon.colcon_core.shell INFO Creating package script '/home/shreevanth-m/acare_demo_ws/src/acaresim_final/acaresim/install/acare_admin/share/acare_admin/package.zsh'
[3.320s] colcon.colcon_core.environment Level 1 create_file_with_runtime_dependencies(/home/shreevanth-m/acare_demo_ws/src/acaresim_final/acaresim/install/acare_admin/share/colcon-core/packages/acare_admin)
[3.626s] colcon.colcon_core.shell Level 1 create_environment_hook('acare_safety', 'pythonpath_develop')
[3.626s] colcon.colcon_core.shell INFO Creating environment hook '/home/shreevanth-m/acare_demo_ws/src/acaresim_final/acaresim/build/acare_safety/share/acare_safety/hook/pythonpath_develop.ps1'
[3.627s] colcon.colcon_core.event_handler.log_command DEBUG Invoked command in '/home/shreevanth-m/acare_demo_ws/src/acaresim_final/acaresim/build/acare_safety' returned '0': AMENT_PREFIX_PATH=/home/shreevanth-m/acare_demo_ws/src/acaresim_final/acaresim/install/acare_msgs:${AMENT_PREFIX_PATH} CMAKE_PREFIX_PATH=/home/shreevanth-m/acare_demo_ws/src/acaresim_final/acaresim/install/acare_msgs:${CMAKE_PREFIX_PATH} DEBUGINFOD_URLS=https://debuginfod.ubuntu.com LD_LIBRARY_PATH=/home/shreevanth-m/acare_demo_ws/src/acaresim_final/acaresim/install/acare_msgs/lib:${LD_LIBRARY_PATH} PYTHONPATH=/home/shreevanth-m/acare_demo_ws/src/acaresim_final/acaresim/build/acare_safety/prefix_override:/usr/lib/python3/dist-packages/colcon_core/task/python/colcon_distutils_commands:/home/shreevanth-m/acare_demo_ws/src/acaresim_final/acaresim/install/acare_safety/lib/python3.12/site-packages:/home/shreevanth-m/acare_demo_ws/src/acaresim_final/acaresim/install/acare_msgs/lib/python3.12/site-packages:${PYTHONPATH} /usr/bin/python3 -W ignore:setup.py install is deprecated -W ignore:easy_install command is deprecated setup.py develop --editable --build-directory /home/shreevanth-m/acare_demo_ws/src/acaresim_final/acaresim/build/acare_safety/build --no-deps symlink_data
[3.627s] colcon.colcon_core.shell INFO Creating environment descriptor '/home/shreevanth-m/acare_demo_ws/src/acaresim_final/acaresim/build/acare_safety/share/acare_safety/hook/pythonpath_develop.dsv'
[3.627s] colcon.colcon_core.shell INFO Creating environment hook '/home/shreevanth-m/acare_demo_ws/src/acaresim_final/acaresim/build/acare_safety/share/acare_safety/hook/pythonpath_develop.sh'
[3.628s] colcon.colcon_core.environment Level 1 checking '/home/shreevanth-m/acare_demo_ws/src/acaresim_final/acaresim/install/acare_safety' for CMake module files
[3.629s] colcon.colcon_core.environment Level 1 checking '/home/shreevanth-m/acare_demo_ws/src/acaresim_final/acaresim/install/acare_safety' for CMake config files
[3.629s] colcon.colcon_core.environment Level 1 checking '/home/shreevanth-m/acare_demo_ws/src/acaresim_final/acaresim/install/acare_safety/lib'
[3.629s] colcon.colcon_core.environment Level 1 checking '/home/shreevanth-m/acare_demo_ws/src/acaresim_final/acaresim/install/acare_safety/bin'
[3.629s] colcon.colcon_core.shell Level 1 create_environment_hook('acare_safety', 'path')
[3.630s] colcon.colcon_core.shell INFO Creating environment hook '/home/shreevanth-m/acare_demo_ws/src/acaresim_final/acaresim/install/acare_safety/share/acare_safety/hook/path.ps1'
[3.630s] colcon.colcon_core.shell INFO Creating environment descriptor '/home/shreevanth-m/acare_demo_ws/src/acaresim_final/acaresim/install/acare_safety/share/acare_safety/hook/path.dsv'
[3.630s] colcon.colcon_core.shell INFO Creating environment hook '/home/shreevanth-m/acare_demo_ws/src/acaresim_final/acaresim/install/acare_safety/share/acare_safety/hook/path.sh'
[3.631s] colcon.colcon_core.environment Level 1 checking '/home/shreevanth-m/acare_demo_ws/src/acaresim_final/acaresim/install/acare_safety/lib/pkgconfig/acare_safety.pc'
[3.631s] colcon.colcon_core.environment Level 1 checking '/home/shreevanth-m/acare_demo_ws/src/acaresim_final/acaresim/install/acare_safety/lib/python3.12/site-packages'
[3.631s] colcon.colcon_core.shell Level 1 create_environment_hook('acare_safety', 'pythonpath')
[3.631s] colcon.colcon_core.shell INFO Creating environment hook '/home/shreevanth-m/acare_demo_ws/src/acaresim_final/acaresim/install/acare_safety/share/acare_safety/hook/pythonpath.ps1'
[3.632s] colcon.colcon_core.shell INFO Creating environment descriptor '/home/shreevanth-m/acare_demo_ws/src/acaresim_final/acaresim/install/acare_safety/share/acare_safety/hook/pythonpath.dsv'
[3.632s] colcon.colcon_core.shell INFO Creating environment hook '/home/shreevanth-m/acare_demo_ws/src/acaresim_final/acaresim/install/acare_safety/share/acare_safety/hook/pythonpath.sh'
[3.633s] colcon.colcon_core.environment Level 1 checking '/home/shreevanth-m/acare_demo_ws/src/acaresim_final/acaresim/install/acare_safety/bin'
[3.633s] colcon.colcon_core.shell Level 1 create_environment_hook('acare_safety', 'pythonscriptspath')
[3.633s] colcon.colcon_core.shell INFO Creating environment hook '/home/shreevanth-m/acare_demo_ws/src/acaresim_final/acaresim/install/acare_safety/share/acare_safety/hook/pythonscriptspath.ps1'
[3.634s] colcon.colcon_core.shell INFO Creating environment descriptor '/home/shreevanth-m/acare_demo_ws/src/acaresim_final/acaresim/install/acare_safety/share/acare_safety/hook/pythonscriptspath.dsv'
[3.634s] colcon.colcon_core.shell INFO Creating environment hook '/home/shreevanth-m/acare_demo_ws/src/acaresim_final/acaresim/install/acare_safety/share/acare_safety/hook/pythonscriptspath.sh'
[3.634s] colcon.colcon_core.environment Level 1 create_environment_scripts_only(acare_safety)
[3.635s] colcon.colcon_core.shell INFO Creating package script '/home/shreevanth-m/acare_demo_ws/src/acaresim_final/acaresim/install/acare_safety/share/acare_safety/package.ps1'
[3.636s] colcon.colcon_core.shell INFO Creating package descriptor '/home/shreevanth-m/acare_demo_ws/src/acaresim_final/acaresim/install/acare_safety/share/acare_safety/package.dsv'
[3.636s] colcon.colcon_core.shell INFO Creating package script '/home/shreevanth-m/acare_demo_ws/src/acaresim_final/acaresim/install/acare_safety/share/acare_safety/package.sh'
[3.637s] colcon.colcon_core.shell INFO Creating package script '/home/shreevanth-m/acare_demo_ws/src/acaresim_final/acaresim/install/acare_safety/share/acare_safety/package.bash'
[3.637s] colcon.colcon_core.shell INFO Creating package script '/home/shreevanth-m/acare_demo_ws/src/acaresim_final/acaresim/install/acare_safety/share/acare_safety/package.zsh'
[3.637s] colcon.colcon_core.environment Level 1 create_file_with_runtime_dependencies(/home/shreevanth-m/acare_demo_ws/src/acaresim_final/acaresim/install/acare_safety/share/colcon-core/packages/acare_safety)
[3.648s] colcon.colcon_core.shell Level 1 create_environment_hook('acare_planner', 'pythonpath_develop')
[3.648s] colcon.colcon_core.shell INFO Creating environment hook '/home/shreevanth-m/acare_demo_ws/src/acaresim_final/acaresim/build/acare_planner/share/acare_planner/hook/pythonpath_develop.ps1'
[3.649s] colcon.colcon_core.event_handler.log_command DEBUG Invoked command in '/home/shreevanth-m/acare_demo_ws/src/acaresim_final/acaresim/build/acare_planner' returned '0': AMENT_PREFIX_PATH=/home/shreevanth-m/acare_demo_ws/src/acaresim_final/acaresim/install/acare_msgs:${AMENT_PREFIX_PATH} CMAKE_PREFIX_PATH=/home/shreevanth-m/acare_demo_ws/src/acaresim_final/acaresim/install/acare_msgs:${CMAKE_PREFIX_PATH} DEBUGINFOD_URLS=https://debuginfod.ubuntu.com LD_LIBRARY_PATH=/home/shreevanth-m/acare_demo_ws/src/acaresim_final/acaresim/install/acare_msgs/lib:${LD_LIBRARY_PATH} PYTHONPATH=/home/shreevanth-m/acare_demo_ws/src/acaresim_final/acaresim/build/acare_planner/prefix_override:/usr/lib/python3/dist-packages/colcon_core/task/python/colcon_distutils_commands:/home/shreevanth-m/acare_demo_ws/src/acaresim_final/acaresim/install/acare_planner/lib/python3.12/site-packages:/home/shreevanth-m/acare_demo_ws/src/acaresim_final/acaresim/install/acare_msgs/lib/python3.12/site-packages:${PYTHONPATH} /usr/bin/python3 -W ignore:setup.py install is deprecated -W ignore:easy_install command is deprecated setup.py develop --editable --build-directory /home/shreevanth-m/acare_demo_ws/src/acaresim_final/acaresim/build/acare_planner/build --no-deps symlink_data
[3.649s] colcon.colcon_core.shell INFO Creating environment descriptor '/home/shreevanth-m/acare_demo_ws/src/acaresim_final/acaresim/build/acare_planner/share/acare_planner/hook/pythonpath_develop.dsv'
[3.649s] colcon.colcon_core.shell INFO Creating environment hook '/home/shreevanth-m/acare_demo_ws/src/acaresim_final/acaresim/build/acare_planner/share/acare_planner/hook/pythonpath_develop.sh'
[3.650s] colcon.colcon_core.environment Level 1 checking '/home/shreevanth-m/acare_demo_ws/src/acaresim_final/acaresim/install/acare_planner' for CMake module files
[3.650s] colcon.colcon_core.environment Level 1 checking '/home/shreevanth-m/acare_demo_ws/src/acaresim_final/acaresim/install/acare_planner' for CMake config files
[3.650s] colcon.colcon_core.environment Level 1 checking '/home/shreevanth-m/acare_demo_ws/src/acaresim_final/acaresim/install/acare_planner/lib'
[3.650s] colcon.colcon_core.environment Level 1 checking '/home/shreevanth-m/acare_demo_ws/src/acaresim_final/acaresim/install/acare_planner/bin'
[3.650s] colcon.colcon_core.shell Level 1 create_environment_hook('acare_planner', 'path')
[3.650s] colcon.colcon_core.shell INFO Creating environment hook '/home/shreevanth-m/acare_demo_ws/src/acaresim_final/acaresim/install/acare_planner/share/acare_planner/hook/path.ps1'
[3.651s] colcon.colcon_core.shell INFO Creating environment descriptor '/home/shreevanth-m/acare_demo_ws/src/acaresim_final/acaresim/install/acare_planner/share/acare_planner/hook/path.dsv'
[3.651s] colcon.colcon_core.shell INFO Creating environment hook '/home/shreevanth-m/acare_demo_ws/src/acaresim_final/acaresim/install/acare_planner/share/acare_planner/hook/path.sh'
[3.651s] colcon.colcon_core.environment Level 1 checking '/home/shreevanth-m/acare_demo_ws/src/acaresim_final/acaresim/install/acare_planner/lib/pkgconfig/acare_planner.pc'
[3.651s] colcon.colcon_core.environment Level 1 checking '/home/shreevanth-m/acare_demo_ws/src/acaresim_final/acaresim/install/acare_planner/lib/python3.12/site-packages'
[3.651s] colcon.colcon_core.shell Level 1 create_environment_hook('acare_planner', 'pythonpath')
[3.651s] colcon.colcon_core.shell INFO Creating environment hook '/home/shreevanth-m/acare_demo_ws/src/acaresim_final/acaresim/install/acare_planner/share/acare_planner/hook/pythonpath.ps1'
[3.652s] colcon.colcon_core.shell INFO Creating environment descriptor '/home/shreevanth-m/acare_demo_ws/src/acaresim_final/acaresim/install/acare_planner/share/acare_planner/hook/pythonpath.dsv'
[3.652s] colcon.colcon_core.shell INFO Creating environment hook '/home/shreevanth-m/acare_demo_ws/src/acaresim_final/acaresim/install/acare_planner/share/acare_planner/hook/pythonpath.sh'
[3.652s] colcon.colcon_core.environment Level 1 checking '/home/shreevanth-m/acare_demo_ws/src/acaresim_final/acaresim/install/acare_planner/bin'
[3.652s] colcon.colcon_core.shell Level 1 create_environment_hook('acare_planner', 'pythonscriptspath')
[3.652s] colcon.colcon_core.shell INFO Creating environment hook '/home/shreevanth-m/acare_demo_ws/src/acaresim_final/acaresim/install/acare_planner/share/acare_planner/hook/pythonscriptspath.ps1'
[3.653s] colcon.colcon_core.shell INFO Creating environment descriptor '/home/shreevanth-m/acare_demo_ws/src/acaresim_final/acaresim/install/acare_planner/share/acare_planner/hook/pythonscriptspath.dsv'
[3.653s] colcon.colcon_core.shell INFO Creating environment hook '/home/shreevanth-m/acare_demo_ws/src/acaresim_final/acaresim/install/acare_planner/share/acare_planner/hook/pythonscriptspath.sh'
[3.653s] colcon.colcon_core.environment Level 1 create_environment_scripts_only(acare_planner)
[3.653s] colcon.colcon_core.shell INFO Creating package script '/home/shreevanth-m/acare_demo_ws/src/acaresim_final/acaresim/install/acare_planner/share/acare_planner/package.ps1'
[3.654s] colcon.colcon_core.shell INFO Creating package descriptor '/home/shreevanth-m/acare_demo_ws/src/acaresim_final/acaresim/install/acare_planner/share/acare_planner/package.dsv'
[3.654s] colcon.colcon_core.shell INFO Creating package script '/home/shreevanth-m/acare_demo_ws/src/acaresim_final/acaresim/install/acare_planner/share/acare_planner/package.sh'
[3.654s] colcon.colcon_core.shell INFO Creating package script '/home/shreevanth-m/acare_demo_ws/src/acaresim_final/acaresim/install/acare_planner/share/acare_planner/package.bash'
[3.655s] colcon.colcon_core.shell INFO Creating package script '/home/shreevanth-m/acare_demo_ws/src/acaresim_final/acaresim/install/acare_planner/share/acare_planner/package.zsh'
[3.655s] colcon.colcon_core.environment Level 1 create_file_with_runtime_dependencies(/home/shreevanth-m/acare_demo_ws/src/acaresim_final/acaresim/install/acare_planner/share/colcon-core/packages/acare_planner)
[3.656s] colcon.colcon_core.shell Level 1 create_environment_hook('acare_voice', 'pythonpath_develop')
[3.656s] colcon.colcon_core.shell INFO Creating environment hook '/home/shreevanth-m/acare_demo_ws/src/acaresim_final/acaresim/build/acare_voice/share/acare_voice/hook/pythonpath_develop.ps1'
[3.656s] colcon.colcon_core.event_handler.log_command DEBUG Invoked command in '/home/shreevanth-m/acare_demo_ws/src/acaresim_final/acaresim/build/acare_voice' returned '0': AMENT_PREFIX_PATH=/home/shreevanth-m/acare_demo_ws/src/acaresim_final/acaresim/install/acare_msgs:${AMENT_PREFIX_PATH} CMAKE_PREFIX_PATH=/home/shreevanth-m/acare_demo_ws/src/acaresim_final/acaresim/install/acare_msgs:${CMAKE_PREFIX_PATH} DEBUGINFOD_URLS=https://debuginfod.ubuntu.com LD_LIBRARY_PATH=/home/shreevanth-m/acare_demo_ws/src/acaresim_final/acaresim/install/acare_msgs/lib:${LD_LIBRARY_PATH} PYTHONPATH=/home/shreevanth-m/acare_demo_ws/src/acaresim_final/acaresim/build/acare_voice/prefix_override:/usr/lib/python3/dist-packages/colcon_core/task/python/colcon_distutils_commands:/home/shreevanth-m/acare_demo_ws/src/acaresim_final/acaresim/install/acare_voice/lib/python3.12/site-packages:/home/shreevanth-m/acare_demo_ws/src/acaresim_final/acaresim/install/acare_msgs/lib/python3.12/site-packages:${PYTHONPATH} /usr/bin/python3 -W ignore:setup.py install is deprecated -W ignore:easy_install command is deprecated setup.py develop --editable --build-directory /home/shreevanth-m/acare_demo_ws/src/acaresim_final/acaresim/build/acare_voice/build --no-deps symlink_data
[3.656s] colcon.colcon_core.shell INFO Creating environment descriptor '/home/shreevanth-m/acare_demo_ws/src/acaresim_final/acaresim/build/acare_voice/share/acare_voice/hook/pythonpath_develop.dsv'
[3.657s] colcon.colcon_core.shell INFO Creating environment hook '/home/shreevanth-m/acare_demo_ws/src/acaresim_final/acaresim/build/acare_voice/share/acare_voice/hook/pythonpath_develop.sh'
[3.657s] colcon.colcon_core.environment Level 1 checking '/home/shreevanth-m/acare_demo_ws/src/acaresim_final/acaresim/install/acare_voice' for CMake module files
[3.657s] colcon.colcon_core.environment Level 1 checking '/home/shreevanth-m/acare_demo_ws/src/acaresim_final/acaresim/install/acare_voice' for CMake config files
[3.658s] colcon.colcon_core.environment Level 1 checking '/home/shreevanth-m/acare_demo_ws/src/acaresim_final/acaresim/install/acare_voice/lib'
[3.658s] colcon.colcon_core.environment Level 1 checking '/home/shreevanth-m/acare_demo_ws/src/acaresim_final/acaresim/install/acare_voice/bin'
[3.658s] colcon.colcon_core.shell Level 1 create_environment_hook('acare_voice', 'path')
[3.658s] colcon.colcon_core.shell INFO Creating environment hook '/home/shreevanth-m/acare_demo_ws/src/acaresim_final/acaresim/install/acare_voice/share/acare_voice/hook/path.ps1'
[3.658s] colcon.colcon_core.shell INFO Creating environment descriptor '/home/shreevanth-m/acare_demo_ws/src/acaresim_final/acaresim/install/acare_voice/share/acare_voice/hook/path.dsv'
[3.658s] colcon.colcon_core.shell INFO Creating environment hook '/home/shreevanth-m/acare_demo_ws/src/acaresim_final/acaresim/install/acare_voice/share/acare_voice/hook/path.sh'
[3.659s] colcon.colcon_core.environment Level 1 checking '/home/shreevanth-m/acare_demo_ws/src/acaresim_final/acaresim/install/acare_voice/lib/pkgconfig/acare_voice.pc'
[3.659s] colcon.colcon_core.environment Level 1 checking '/home/shreevanth-m/acare_demo_ws/src/acaresim_final/acaresim/install/acare_voice/lib/python3.12/site-packages'
[3.659s] colcon.colcon_core.shell Level 1 create_environment_hook('acare_voice', 'pythonpath')
[3.659s] colcon.colcon_core.shell INFO Creating environment hook '/home/shreevanth-m/acare_demo_ws/src/acaresim_final/acaresim/install/acare_voice/share/acare_voice/hook/pythonpath.ps1'
[3.659s] colcon.colcon_core.shell INFO Creating environment descriptor '/home/shreevanth-m/acare_demo_ws/src/acaresim_final/acaresim/install/acare_voice/share/acare_voice/hook/pythonpath.dsv'
[3.659s] colcon.colcon_core.shell INFO Creating environment hook '/home/shreevanth-m/acare_demo_ws/src/acaresim_final/acaresim/install/acare_voice/share/acare_voice/hook/pythonpath.sh'
[3.660s] colcon.colcon_core.environment Level 1 checking '/home/shreevanth-m/acare_demo_ws/src/acaresim_final/acaresim/install/acare_voice/bin'
[3.660s] colcon.colcon_core.shell Level 1 create_environment_hook('acare_voice', 'pythonscriptspath')
[3.660s] colcon.colcon_core.shell INFO Creating environment hook '/home/shreevanth-m/acare_demo_ws/src/acaresim_final/acaresim/install/acare_voice/share/acare_voice/hook/pythonscriptspath.ps1'
[3.660s] colcon.colcon_core.shell INFO Creating environment descriptor '/home/shreevanth-m/acare_demo_ws/src/acaresim_final/acaresim/install/acare_voice/share/acare_voice/hook/pythonscriptspath.dsv'
[3.661s] colcon.colcon_core.shell INFO Creating environment hook '/home/shreevanth-m/acare_demo_ws/src/acaresim_final/acaresim/install/acare_voice/share/acare_voice/hook/pythonscriptspath.sh'
[3.661s] colcon.colcon_core.environment Level 1 create_environment_scripts_only(acare_voice)
[3.661s] colcon.colcon_core.shell INFO Creating package script '/home/shreevanth-m/acare_demo_ws/src/acaresim_final/acaresim/install/acare_voice/share/acare_voice/package.ps1'
[3.662s] colcon.colcon_core.shell INFO Creating package descriptor '/home/shreevanth-m/acare_demo_ws/src/acaresim_final/acaresim/install/acare_voice/share/acare_voice/package.dsv'
[3.662s] colcon.colcon_core.shell INFO Creating package script '/home/shreevanth-m/acare_demo_ws/src/acaresim_final/acaresim/install/acare_voice/share/acare_voice/package.sh'
[3.663s] colcon.colcon_core.shell INFO Creating package script '/home/shreevanth-m/acare_demo_ws/src/acaresim_final/acaresim/install/acare_voice/share/acare_voice/package.bash'
[3.663s] colcon.colcon_core.shell INFO Creating package script '/home/shreevanth-m/acare_demo_ws/src/acaresim_final/acaresim/install/acare_voice/share/acare_voice/package.zsh'
[3.663s] colcon.colcon_core.environment Level 1 create_file_with_runtime_dependencies(/home/shreevanth-m/acare_demo_ws/src/acaresim_final/acaresim/install/acare_voice/share/colcon-core/packages/acare_voice)
[3.804s] colcon.colcon_core.shell Level 1 create_environment_hook('acare_bringup', 'pythonpath_develop')
[3.804s] colcon.colcon_core.shell INFO Creating environment hook '/home/shreevanth-m/acare_demo_ws/src/acaresim_final/acaresim/build/acare_bringup/share/acare_bringup/hook/pythonpath_develop.ps1'
[3.805s] colcon.colcon_core.event_handler.log_command DEBUG Invoked command in '/home/shreevanth-m/acare_demo_ws/src/acaresim_final/acaresim/build/acare_bringup' returned '0': AMENT_PREFIX_PATH=/home/shreevanth-m/acare_demo_ws/src/acaresim_final/acaresim/install/acare_msgs:${AMENT_PREFIX_PATH} CMAKE_PREFIX_PATH=/home/shreevanth-m/acare_demo_ws/src/acaresim_final/acaresim/install/acare_msgs:${CMAKE_PREFIX_PATH} DEBUGINFOD_URLS=https://debuginfod.ubuntu.com LD_LIBRARY_PATH=/home/shreevanth-m/acare_demo_ws/src/acaresim_final/acaresim/install/acare_msgs/lib:${LD_LIBRARY_PATH} PYTHONPATH=/home/shreevanth-m/acare_demo_ws/src/acaresim_final/acaresim/build/acare_bringup/prefix_override:/usr/lib/python3/dist-packages/colcon_core/task/python/colcon_distutils_commands:/home/shreevanth-m/acare_demo_ws/src/acaresim_final/acaresim/install/acare_bringup/lib/python3.12/site-packages:/home/shreevanth-m/acare_demo_ws/src/acaresim_final/acaresim/install/acare_msgs/lib/python3.12/site-packages:${PYTHONPATH} /usr/bin/python3 -W ignore:setup.py install is deprecated -W ignore:easy_install command is deprecated setup.py develop --editable --build-directory /home/shreevanth-m/acare_demo_ws/src/acaresim_final/acaresim/build/acare_bringup/build --no-deps symlink_data
[3.805s] colcon.colcon_core.shell INFO Creating environment descriptor '/home/shreevanth-m/acare_demo_ws/src/acaresim_final/acaresim/build/acare_bringup/share/acare_bringup/hook/pythonpath_develop.dsv'
[3.805s] colcon.colcon_core.shell INFO Creating environment hook '/home/shreevanth-m/acare_demo_ws/src/acaresim_final/acaresim/build/acare_bringup/share/acare_bringup/hook/pythonpath_develop.sh'
[3.806s] colcon.colcon_core.environment Level 1 checking '/home/shreevanth-m/acare_demo_ws/src/acaresim_final/acaresim/install/acare_bringup' for CMake module files
[3.806s] colcon.colcon_core.environment Level 1 checking '/home/shreevanth-m/acare_demo_ws/src/acaresim_final/acaresim/install/acare_bringup' for CMake config files
[3.806s] colcon.colcon_core.environment Level 1 checking '/home/shreevanth-m/acare_demo_ws/src/acaresim_final/acaresim/install/acare_bringup/lib'
[3.806s] colcon.colcon_core.environment Level 1 checking '/home/shreevanth-m/acare_demo_ws/src/acaresim_final/acaresim/install/acare_bringup/bin'
[3.806s] colcon.colcon_core.shell Level 1 create_environment_hook('acare_bringup', 'path')
[3.806s] colcon.colcon_core.shell INFO Creating environment hook '/home/shreevanth-m/acare_demo_ws/src/acaresim_final/acaresim/install/acare_bringup/share/acare_bringup/hook/path.ps1'
[3.806s] colcon.colcon_core.shell INFO Creating environment descriptor '/home/shreevanth-m/acare_demo_ws/src/acaresim_final/acaresim/install/acare_bringup/share/acare_bringup/hook/path.dsv'
[3.807s] colcon.colcon_core.shell INFO Creating environment hook '/home/shreevanth-m/acare_demo_ws/src/acaresim_final/acaresim/install/acare_bringup/share/acare_bringup/hook/path.sh'
[3.807s] colcon.colcon_core.environment Level 1 checking '/home/shreevanth-m/acare_demo_ws/src/acaresim_final/acaresim/install/acare_bringup/lib/pkgconfig/acare_bringup.pc'
[3.807s] colcon.colcon_core.environment Level 1 checking '/home/shreevanth-m/acare_demo_ws/src/acaresim_final/acaresim/install/acare_bringup/lib/python3.12/site-packages'
[3.807s] colcon.colcon_core.shell Level 1 create_environment_hook('acare_bringup', 'pythonpath')
[3.807s] colcon.colcon_core.shell INFO Creating environment hook '/home/shreevanth-m/acare_demo_ws/src/acaresim_final/acaresim/install/acare_bringup/share/acare_bringup/hook/pythonpath.ps1'
[3.807s] colcon.colcon_core.shell INFO Creating environment descriptor '/home/shreevanth-m/acare_demo_ws/src/acaresim_final/acaresim/install/acare_bringup/share/acare_bringup/hook/pythonpath.dsv'
[3.807s] colcon.colcon_core.shell INFO Creating environment hook '/home/shreevanth-m/acare_demo_ws/src/acaresim_final/acaresim/install/acare_bringup/share/acare_bringup/hook/pythonpath.sh'
[3.808s] colcon.colcon_core.environment Level 1 checking '/home/shreevanth-m/acare_demo_ws/src/acaresim_final/acaresim/install/acare_bringup/bin'
[3.808s] colcon.colcon_core.shell Level 1 create_environment_hook('acare_bringup', 'pythonscriptspath')
[3.808s] colcon.colcon_core.shell INFO Creating environment hook '/home/shreevanth-m/acare_demo_ws/src/acaresim_final/acaresim/install/acare_bringup/share/acare_bringup/hook/pythonscriptspath.ps1'
[3.808s] colcon.colcon_core.shell INFO Creating environment descriptor '/home/shreevanth-m/acare_demo_ws/src/acaresim_final/acaresim/install/acare_bringup/share/acare_bringup/hook/pythonscriptspath.dsv'
[3.808s] colcon.colcon_core.shell INFO Creating environment hook '/home/shreevanth-m/acare_demo_ws/src/acaresim_final/acaresim/install/acare_bringup/share/acare_bringup/hook/pythonscriptspath.sh'
[3.809s] colcon.colcon_core.environment Level 1 create_environment_scripts_only(acare_bringup)
[3.809s] colcon.colcon_core.shell INFO Creating package script '/home/shreevanth-m/acare_demo_ws/src/acaresim_final/acaresim/install/acare_bringup/share/acare_bringup/package.ps1'
[3.809s] colcon.colcon_core.shell INFO Creating package descriptor '/home/shreevanth-m/acare_demo_ws/src/acaresim_final/acaresim/install/acare_bringup/share/acare_bringup/package.dsv'
[3.810s] colcon.colcon_core.shell INFO Creating package script '/home/shreevanth-m/acare_demo_ws/src/acaresim_final/acaresim/install/acare_bringup/share/acare_bringup/package.sh'
[3.810s] colcon.colcon_core.shell INFO Creating package script '/home/shreevanth-m/acare_demo_ws/src/acaresim_final/acaresim/install/acare_bringup/share/acare_bringup/package.bash'
[3.810s] colcon.colcon_core.shell INFO Creating package script '/home/shreevanth-m/acare_demo_ws/src/acaresim_final/acaresim/install/acare_bringup/share/acare_bringup/package.zsh'
[3.810s] colcon.colcon_core.environment Level 1 create_file_with_runtime_dependencies(/home/shreevanth-m/acare_demo_ws/src/acaresim_final/acaresim/install/acare_bringup/share/colcon-core/packages/acare_bringup)
[3.811s] colcon.colcon_core.shell Level 1 create_environment_hook('acare_vision', 'pythonpath_develop')
[3.811s] colcon.colcon_core.shell INFO Creating environment hook '/home/shreevanth-m/acare_demo_ws/src/acaresim_final/acaresim/build/acare_vision/share/acare_vision/hook/pythonpath_develop.ps1'
[3.811s] colcon.colcon_core.shell INFO Creating environment descriptor '/home/shreevanth-m/acare_demo_ws/src/acaresim_final/acaresim/build/acare_vision/share/acare_vision/hook/pythonpath_develop.dsv'
[3.811s] colcon.colcon_core.event_handler.log_command DEBUG Invoked command in '/home/shreevanth-m/acare_demo_ws/src/acaresim_final/acaresim/build/acare_vision' returned '0': AMENT_PREFIX_PATH=/home/shreevanth-m/acare_demo_ws/src/acaresim_final/acaresim/install/acare_msgs:${AMENT_PREFIX_PATH} CMAKE_PREFIX_PATH=/home/shreevanth-m/acare_demo_ws/src/acaresim_final/acaresim/install/acare_msgs:${CMAKE_PREFIX_PATH} DEBUGINFOD_URLS=https://debuginfod.ubuntu.com LD_LIBRARY_PATH=/home/shreevanth-m/acare_demo_ws/src/acaresim_final/acaresim/install/acare_msgs/lib:${LD_LIBRARY_PATH} PYTHONPATH=/home/shreevanth-m/acare_demo_ws/src/acaresim_final/acaresim/build/acare_vision/prefix_override:/usr/lib/python3/dist-packages/colcon_core/task/python/colcon_distutils_commands:/home/shreevanth-m/acare_demo_ws/src/acaresim_final/acaresim/install/acare_vision/lib/python3.12/site-packages:/home/shreevanth-m/acare_demo_ws/src/acaresim_final/acaresim/install/acare_msgs/lib/python3.12/site-packages:${PYTHONPATH} /usr/bin/python3 -W ignore:setup.py install is deprecated -W ignore:easy_install command is deprecated setup.py develop --editable --build-directory /home/shreevanth-m/acare_demo_ws/src/acaresim_final/acaresim/build/acare_vision/build --no-deps symlink_data
[3.811s] colcon.colcon_core.shell INFO Creating environment hook '/home/shreevanth-m/acare_demo_ws/src/acaresim_final/acaresim/build/acare_vision/share/acare_vision/hook/pythonpath_develop.sh'
[3.812s] colcon.colcon_core.environment Level 1 checking '/home/shreevanth-m/acare_demo_ws/src/acaresim_final/acaresim/install/acare_vision' for CMake module files
[3.812s] colcon.colcon_core.environment Level 1 checking '/home/shreevanth-m/acare_demo_ws/src/acaresim_final/acaresim/install/acare_vision' for CMake config files
[3.812s] colcon.colcon_core.environment Level 1 checking '/home/shreevanth-m/acare_demo_ws/src/acaresim_final/acaresim/install/acare_vision/lib'
[3.812s] colcon.colcon_core.environment Level 1 checking '/home/shreevanth-m/acare_demo_ws/src/acaresim_final/acaresim/install/acare_vision/bin'
[3.812s] colcon.colcon_core.shell Level 1 create_environment_hook('acare_vision', 'path')
[3.812s] colcon.colcon_core.shell INFO Creating environment hook '/home/shreevanth-m/acare_demo_ws/src/acaresim_final/acaresim/install/acare_vision/share/acare_vision/hook/path.ps1'
[3.813s] colcon.colcon_core.shell INFO Creating environment descriptor '/home/shreevanth-m/acare_demo_ws/src/acaresim_final/acaresim/install/acare_vision/share/acare_vision/hook/path.dsv'
[3.813s] colcon.colcon_core.shell INFO Creating environment hook '/home/shreevanth-m/acare_demo_ws/src/acaresim_final/acaresim/install/acare_vision/share/acare_vision/hook/path.sh'
[3.813s] colcon.colcon_core.environment Level 1 checking '/home/shreevanth-m/acare_demo_ws/src/acaresim_final/acaresim/install/acare_vision/lib/pkgconfig/acare_vision.pc'
[3.813s] colcon.colcon_core.environment Level 1 checking '/home/shreevanth-m/acare_demo_ws/src/acaresim_final/acaresim/install/acare_vision/lib/python3.12/site-packages'
[3.813s] colcon.colcon_core.shell Level 1 create_environment_hook('acare_vision', 'pythonpath')
[3.813s] colcon.colcon_core.shell INFO Creating environment hook '/home/shreevanth-m/acare_demo_ws/src/acaresim_final/acaresim/install/acare_vision/share/acare_vision/hook/pythonpath.ps1'
[3.814s] colcon.colcon_core.shell INFO Creating environment descriptor '/home/shreevanth-m/acare_demo_ws/src/acaresim_final/acaresim/install/acare_vision/share/acare_vision/hook/pythonpath.dsv'
[3.814s] colcon.colcon_core.shell INFO Creating environment hook '/home/shreevanth-m/acare_demo_ws/src/acaresim_final/acaresim/install/acare_vision/share/acare_vision/hook/pythonpath.sh'
[3.814s] colcon.colcon_core.environment Level 1 checking '/home/shreevanth-m/acare_demo_ws/src/acaresim_final/acaresim/install/acare_vision/bin'
[3.814s] colcon.colcon_core.shell Level 1 create_environment_hook('acare_vision', 'pythonscriptspath')
[3.815s] colcon.colcon_core.shell INFO Creating environment hook '/home/shreevanth-m/acare_demo_ws/src/acaresim_final/acaresim/install/acare_vision/share/acare_vision/hook/pythonscriptspath.ps1'
[3.815s] colcon.colcon_core.shell INFO Creating environment descriptor '/home/shreevanth-m/acare_demo_ws/src/acaresim_final/acaresim/install/acare_vision/share/acare_vision/hook/pythonscriptspath.dsv'
[3.815s] colcon.colcon_core.shell INFO Creating environment hook '/home/shreevanth-m/acare_demo_ws/src/acaresim_final/acaresim/install/acare_vision/share/acare_vision/hook/pythonscriptspath.sh'
[3.815s] colcon.colcon_core.environment Level 1 create_environment_scripts_only(acare_vision)
[3.815s] colcon.colcon_core.shell INFO Creating package script '/home/shreevanth-m/acare_demo_ws/src/acaresim_final/acaresim/install/acare_vision/share/acare_vision/package.ps1'
[3.816s] colcon.colcon_core.shell INFO Creating package descriptor '/home/shreevanth-m/acare_demo_ws/src/acaresim_final/acaresim/install/acare_vision/share/acare_vision/package.dsv'
[3.816s] colcon.colcon_core.shell INFO Creating package script '/home/shreevanth-m/acare_demo_ws/src/acaresim_final/acaresim/install/acare_vision/share/acare_vision/package.sh'
[3.816s] colcon.colcon_core.shell INFO Creating package script '/home/shreevanth-m/acare_demo_ws/src/acaresim_final/acaresim/install/acare_vision/share/acare_vision/package.bash'
[3.816s] colcon.colcon_core.shell INFO Creating package script '/home/shreevanth-m/acare_demo_ws/src/acaresim_final/acaresim/install/acare_vision/share/acare_vision/package.zsh'
[3.816s] colcon.colcon_core.environment Level 1 create_file_with_runtime_dependencies(/home/shreevanth-m/acare_demo_ws/src/acaresim_final/acaresim/install/acare_vision/share/colcon-core/packages/acare_vision)
[3.991s] colcon.colcon_core.shell Level 1 create_environment_hook('acare_logging', 'pythonpath_develop')
[3.991s] colcon.colcon_core.shell INFO Creating environment hook '/home/shreevanth-m/acare_demo_ws/src/acaresim_final/acaresim/build/acare_logging/share/acare_logging/hook/pythonpath_develop.ps1'
[3.991s] colcon.colcon_core.event_handler.log_command DEBUG Invoked command in '/home/shreevanth-m/acare_demo_ws/src/acaresim_final/acaresim/build/acare_logging' returned '0': AMENT_PREFIX_PATH=/home/shreevanth-m/acare_demo_ws/src/acaresim_final/acaresim/install/acare_msgs:${AMENT_PREFIX_PATH} CMAKE_PREFIX_PATH=/home/shreevanth-m/acare_demo_ws/src/acaresim_final/acaresim/install/acare_msgs:${CMAKE_PREFIX_PATH} DEBUGINFOD_URLS=https://debuginfod.ubuntu.com LD_LIBRARY_PATH=/home/shreevanth-m/acare_demo_ws/src/acaresim_final/acaresim/install/acare_msgs/lib:${LD_LIBRARY_PATH} PYTHONPATH=/home/shreevanth-m/acare_demo_ws/src/acaresim_final/acaresim/build/acare_logging/prefix_override:/usr/lib/python3/dist-packages/colcon_core/task/python/colcon_distutils_commands:/home/shreevanth-m/acare_demo_ws/src/acaresim_final/acaresim/install/acare_logging/lib/python3.12/site-packages:/home/shreevanth-m/acare_demo_ws/src/acaresim_final/acaresim/install/acare_msgs/lib/python3.12/site-packages:${PYTHONPATH} /usr/bin/python3 -W ignore:setup.py install is deprecated -W ignore:easy_install command is deprecated setup.py develop --editable --build-directory /home/shreevanth-m/acare_demo_ws/src/acaresim_final/acaresim/build/acare_logging/build --no-deps symlink_data
[3.992s] colcon.colcon_core.shell INFO Creating environment descriptor '/home/shreevanth-m/acare_demo_ws/src/acaresim_final/acaresim/build/acare_logging/share/acare_logging/hook/pythonpath_develop.dsv'
[3.992s] colcon.colcon_core.shell INFO Creating environment hook '/home/shreevanth-m/acare_demo_ws/src/acaresim_final/acaresim/build/acare_logging/share/acare_logging/hook/pythonpath_develop.sh'
[3.992s] colcon.colcon_core.environment Level 1 checking '/home/shreevanth-m/acare_demo_ws/src/acaresim_final/acaresim/install/acare_logging' for CMake module files
[3.992s] colcon.colcon_core.environment Level 1 checking '/home/shreevanth-m/acare_demo_ws/src/acaresim_final/acaresim/install/acare_logging' for CMake config files
[3.993s] colcon.colcon_core.environment Level 1 checking '/home/shreevanth-m/acare_demo_ws/src/acaresim_final/acaresim/install/acare_logging/lib'
[3.993s] colcon.colcon_core.environment Level 1 checking '/home/shreevanth-m/acare_demo_ws/src/acaresim_final/acaresim/install/acare_logging/bin'
[3.993s] colcon.colcon_core.shell Level 1 create_environment_hook('acare_logging', 'path')
[3.993s] colcon.colcon_core.shell INFO Creating environment hook '/home/shreevanth-m/acare_demo_ws/src/acaresim_final/acaresim/install/acare_logging/share/acare_logging/hook/path.ps1'
[3.993s] colcon.colcon_core.shell INFO Creating environment descriptor '/home/shreevanth-m/acare_demo_ws/src/acaresim_final/acaresim/install/acare_logging/share/acare_logging/hook/path.dsv'
[3.993s] colcon.colcon_core.shell INFO Creating environment hook '/home/shreevanth-m/acare_demo_ws/src/acaresim_final/acaresim/install/acare_logging/share/acare_logging/hook/path.sh'
[3.993s] colcon.colcon_core.environment Level 1 checking '/home/shreevanth-m/acare_demo_ws/src/acaresim_final/acaresim/install/acare_logging/lib/pkgconfig/acare_logging.pc'
[3.993s] colcon.colcon_core.environment Level 1 checking '/home/shreevanth-m/acare_demo_ws/src/acaresim_final/acaresim/install/acare_logging/lib/python3.12/site-packages'
[3.994s] colcon.colcon_core.shell Level 1 create_environment_hook('acare_logging', 'pythonpath')
[3.994s] colcon.colcon_core.shell INFO Creating environment hook '/home/shreevanth-m/acare_demo_ws/src/acaresim_final/acaresim/install/acare_logging/share/acare_logging/hook/pythonpath.ps1'
[3.994s] colcon.colcon_core.shell INFO Creating environment descriptor '/home/shreevanth-m/acare_demo_ws/src/acaresim_final/acaresim/install/acare_logging/share/acare_logging/hook/pythonpath.dsv'
[3.994s] colcon.colcon_core.shell INFO Creating environment hook '/home/shreevanth-m/acare_demo_ws/src/acaresim_final/acaresim/install/acare_logging/share/acare_logging/hook/pythonpath.sh'
[3.994s] colcon.colcon_core.environment Level 1 checking '/home/shreevanth-m/acare_demo_ws/src/acaresim_final/acaresim/install/acare_logging/bin'
[3.995s] colcon.colcon_core.shell Level 1 create_environment_hook('acare_logging', 'pythonscriptspath')
[3.995s] colcon.colcon_core.shell INFO Creating environment hook '/home/shreevanth-m/acare_demo_ws/src/acaresim_final/acaresim/install/acare_logging/share/acare_logging/hook/pythonscriptspath.ps1'
[3.995s] colcon.colcon_core.shell INFO Creating environment descriptor '/home/shreevanth-m/acare_demo_ws/src/acaresim_final/acaresim/install/acare_logging/share/acare_logging/hook/pythonscriptspath.dsv'
[3.995s] colcon.colcon_core.shell INFO Creating environment hook '/home/shreevanth-m/acare_demo_ws/src/acaresim_final/acaresim/install/acare_logging/share/acare_logging/hook/pythonscriptspath.sh'
[3.995s] colcon.colcon_core.environment Level 1 create_environment_scripts_only(acare_logging)
[3.995s] colcon.colcon_core.shell INFO Creating package script '/home/shreevanth-m/acare_demo_ws/src/acaresim_final/acaresim/install/acare_logging/share/acare_logging/package.ps1'
[3.996s] colcon.colcon_core.shell INFO Creating package descriptor '/home/shreevanth-m/acare_demo_ws/src/acaresim_final/acaresim/install/acare_logging/share/acare_logging/package.dsv'
[3.996s] colcon.colcon_core.shell INFO Creating package script '/home/shreevanth-m/acare_demo_ws/src/acaresim_final/acaresim/install/acare_logging/share/acare_logging/package.sh'
[3.996s] colcon.colcon_core.shell INFO Creating package script '/home/shreevanth-m/acare_demo_ws/src/acaresim_final/acaresim/install/acare_logging/share/acare_logging/package.bash'
[3.997s] colcon.colcon_core.shell INFO Creating package script '/home/shreevanth-m/acare_demo_ws/src/acaresim_final/acaresim/install/acare_logging/share/acare_logging/package.zsh'
[3.997s] colcon.colcon_core.environment Level 1 create_file_with_runtime_dependencies(/home/shreevanth-m/acare_demo_ws/src/acaresim_final/acaresim/install/acare_logging/share/colcon-core/packages/acare_logging)
[3.997s] colcon.colcon_parallel_executor.executor.parallel DEBUG closing loop
[3.997s] colcon.colcon_parallel_executor.executor.parallel DEBUG loop closed
[3.997s] colcon.colcon_parallel_executor.executor.parallel DEBUG run_until_complete finished with '0'
[3.997s] colcon.colcon_core.event_reactor DEBUG joining thread
[4.001s] colcon.colcon_core.plugin_system INFO Skipping extension 'colcon_notification.desktop_notification.terminal_notifier': Not used on non-Darwin systems
[4.001s] colcon.colcon_core.plugin_system INFO Skipping extension 'colcon_notification.desktop_notification.win32': Not used on non-Windows systems
[4.001s] colcon.colcon_notification.desktop_notification INFO Sending desktop notification using 'notify2'
[4.010s] colcon.colcon_core.event_reactor DEBUG joined thread
[4.011s] colcon.colcon_core.shell INFO Creating prefix script '/home/shreevanth-m/acare_demo_ws/src/acaresim_final/acaresim/install/local_setup.ps1'
[4.011s] colcon.colcon_core.shell INFO Creating prefix util module '/home/shreevanth-m/acare_demo_ws/src/acaresim_final/acaresim/install/_local_setup_util_ps1.py'
[4.012s] colcon.colcon_core.shell INFO Creating prefix chain script '/home/shreevanth-m/acare_demo_ws/src/acaresim_final/acaresim/install/setup.ps1'
[4.013s] colcon.colcon_core.shell INFO Creating prefix script '/home/shreevanth-m/acare_demo_ws/src/acaresim_final/acaresim/install/local_setup.sh'
[4.013s] colcon.colcon_core.shell INFO Creating prefix util module '/home/shreevanth-m/acare_demo_ws/src/acaresim_final/acaresim/install/_local_setup_util_sh.py'
[4.014s] colcon.colcon_core.shell INFO Creating prefix chain script '/home/shreevanth-m/acare_demo_ws/src/acaresim_final/acaresim/install/setup.sh'
[4.015s] colcon.colcon_core.shell INFO Creating prefix script '/home/shreevanth-m/acare_demo_ws/src/acaresim_final/acaresim/install/local_setup.bash'
[4.016s] colcon.colcon_core.shell INFO Creating prefix chain script '/home/shreevanth-m/acare_demo_ws/src/acaresim_final/acaresim/install/setup.bash'
[4.016s] colcon.colcon_core.shell INFO Creating prefix script '/home/shreevanth-m/acare_demo_ws/src/acaresim_final/acaresim/install/local_setup.zsh'
[4.017s] colcon.colcon_core.shell INFO Creating prefix chain script '/home/shreevanth-m/acare_demo_ws/src/acaresim_final/acaresim/install/setup.zsh'
